time,output,consumption
2024-07-12 00:00:00,0,10
2024-07-12 00:05:00,0,10
2024-07-12 00:10:00,0,10
2024-07-12 00:15:00,0,10
2024-07-12 00:20:00,0,10
2024-07-12 00:25:00,0,10
2024-07-12 00:30:00,0,10
2024-07-12 00:35:00,0,10
2024-07-12 00:40:00,0,10
2024-07-12 00:45:00,0,10
2024-07-12 00:50:00,0,10
2024-07-12 00:55:00,0,10
2024-07-12 01:00:00,0,10
2024-07-12 01:05:00,0,10
2024-07-12 01:10:00,0,10
2024-07-12 01:15:00,0,10
2024-07-12 01:20:00,0,10
2024-07-12 01:25:00,0,10
2024-07-12 01:30:00,0,10
2024-07-12 01:35:00,0,10
2024-07-12 01:40:00,0,10
2024-07-12 01:45:00,0,10
2024-07-12 01:50:00,0,10
2024-07-12 01:55:00,0,10
2024-07-12 02:00:00,0,10
2024-07-12 02:05:00,0,10
2024-07-12 02:10:00,0,10
2024-07-12 02:15:00,0,10
2024-07-12 02:20:00,0,10
2024-07-12 02:25:00,0,10
2024-07-12 02:30:00,0,10
2024-07-12 02:35:00,0,10
2024-07-12 02:40:00,0,10
2024-07-12 02:45:00,0,10
2024-07-12 02:50:00,0,10
2024-07-12 02:55:00,0,10
2024-07-12 03:00:00,0,10
2024-07-12 03:05:00,0,0
2024-07-12 03:10:00,0,0
2024-07-12 03:15:00,0,0
2024-07-12 03:20:00,0,0
2024-07-12 03:25:00,0,0
2024-07-12 03:30:00,0,0
2024-07-12 03:35:00,0,0
2024-07-12 03:40:00,0,0
2024-07-12 03:45:00,0,0
2024-07-12 03:50:00,0,0
2024-07-12 03:55:00,0,0
2024-07-12 04:00:00,0,0
2024-07-12 04:10:00,0,0
2024-07-12 04:15:00,0,0
2024-07-12 04:20:00,0,2
2024-07-12 04:25:00,0,10
2024-07-12 04:30:00,0,10
2024-07-12 04:35:00,0,10
2024-07-12 04:40:00,0,10
2024-07-12 04:45:00,0,10
2024-07-12 04:50:00,0,10
2024-07-12 04:55:00,0,10
2024-07-12 05:00:00,0,10
2024-07-12 05:05:00,0,10
2024-07-12 05:10:00,0,10
2024-07-12 05:15:00,0,10
2024-07-12 05:20:00,0,10
2024-07-12 05:25:00,0,10
2024-07-12 05:30:00,0,10
2024-07-12 05:35:00,0,10
2024-07-12 05:40:00,0,10
2024-07-12 05:45:00,0,10
2024-07-12 05:50:00,0,10
2024-07-12 05:55:00,0,10
2024-07-12 06:00:00,0,10
2024-07-12 06:05:00,0,10
2024-07-12 06:10:00,0,10
2024-07-12 06:15:00,0,10
2024-07-12 06:20:00,6,10
2024-07-12 06:25:00,45,10
2024-07-12 06:30:00,120,38
2024-07-12 06:35:00,213,150
2024-07-12 06:40:00,211,220
2024-07-12 06:45:00,289,342
2024-07-12 06:50:00,307,310
2024-07-12 06:55:00,313,322
2024-07-12 07:00:00,338,356
2024-07-12 07:05:00,396,388
2024-07-12 07:10:00,444,442
2024-07-12 07:15:00,522,516
2024-07-12 07:20:00,579,588
2024-07-12 07:25:00,679,664
2024-07-12 07:30:00,852,812
2024-07-12 07:35:00,1061,1114
2024-07-12 07:40:00,1005,1020
2024-07-12 07:45:00,1091,1104
2024-07-12 07:50:00,1020,1058
2024-07-12 07:55:00,1057,1074
2024-07-12 08:00:00,986,1048
2024-07-12 08:05:00,943,1082
2024-07-12 08:10:00,1094,1082
2024-07-12 08:15:00,1218,1230
2024-07-12 08:20:00,1224,1240
2024-07-12 08:25:00,1306,1300
2024-07-12 08:30:00,1522,1498
2024-07-12 08:35:00,1745,1730
2024-07-12 08:40:00,2105,2046
2024-07-12 08:45:00,2264,2218
2024-07-12 08:50:00,2190,2220
2024-07-12 08:55:00,2160,2216
2024-07-12 09:00:00,2020,2086
2024-07-12 09:05:00,2091,928
2024-07-12 09:10:00,2081,548
2024-07-12 09:15:00,2489,372
2024-07-12 09:20:00,2852,294
2024-07-12 09:25:00,2566,316
2024-07-12 09:30:00,2441,318
2024-07-12 09:35:00,2295,302
2024-07-12 09:40:00,2177,286
2024-07-12 09:45:00,2365,274
2024-07-12 09:50:00,2414,266
2024-07-12 09:55:00,2190,1454
2024-07-12 10:00:00,2565,2406
2024-07-12 10:05:00,2185,2250
2024-07-12 10:10:00,1339,442
2024-07-12 10:15:00,917,220
2024-07-12 10:20:00,647,208
2024-07-12 10:25:00,597,194
2024-07-12 10:30:00,508,202
2024-07-12 10:35:00,722,206
2024-07-12 10:40:00,1365,208
2024-07-12 10:45:00,1527,150
2024-07-12 10:50:00,1145,146
2024-07-12 10:55:00,2053,146
2024-07-12 11:00:00,2859,150
2024-07-12 11:05:00,2917,138
2024-07-12 11:10:00,2991,138
2024-07-12 11:15:00,3695,214
2024-07-12 11:20:00,3428,236
2024-07-12 11:25:00,4358,186
2024-07-12 11:30:00,4616,136
2024-07-12 11:35:00,4500,140
2024-07-12 11:40:00,4812,138
2024-07-12 11:45:00,5650,130
2024-07-12 11:50:00,5402,130
2024-07-12 11:55:00,4767,136
2024-07-12 12:00:00,4292,214
2024-07-12 12:05:00,3939,210
2024-07-12 12:10:00,3385,202
2024-07-12 12:15:00,2595,194
2024-07-12 12:20:00,2681,206
2024-07-12 12:25:00,4893,200
2024-07-12 12:30:00,3797,200
2024-07-12 12:35:00,4737,212
2024-07-12 12:40:00,5082,222
2024-07-12 12:45:00,2462,238
2024-07-12 12:50:00,1442,708
2024-07-12 12:55:00,1724,1702
2024-07-12 13:00:00,1563,1542
2024-07-12 13:05:00,1686,1874
2024-07-12 13:10:00,2868,772
2024-07-12 13:15:00,2959,146
2024-07-12 13:20:00,2272,130
2024-07-12 13:25:00,1904,192
2024-07-12 13:30:00,1909,216
2024-07-12 13:35:00,2329,200
2024-07-12 13:40:00,1938,190
2024-07-12 13:45:00,1564,190
2024-07-12 13:50:00,1591,200
2024-07-12 13:55:00,1717,216
2024-07-12 14:00:00,1628,312
2024-07-12 14:05:00,1814,390
2024-07-12 14:10:00,2933,368
2024-07-12 14:15:00,4414,362
2024-07-12 14:20:00,3087,358
2024-07-12 14:25:00,3420,346
2024-07-12 14:30:00,2922,340
2024-07-12 14:35:00,2928,340
2024-07-12 14:40:00,3975,352
2024-07-12 14:45:00,5108,746
2024-07-12 14:50:00,4919,290
2024-07-12 14:55:00,5881,1098
2024-07-12 15:00:00,3496,402
2024-07-12 15:05:00,2145,420
2024-07-12 15:10:00,2273,386
2024-07-12 15:15:00,1872,368
2024-07-12 15:20:00,1605,380
2024-07-12 15:25:00,1628,370
2024-07-12 15:30:00,1945,372
2024-07-12 15:35:00,2641,370
2024-07-12 15:40:00,2876,370
2024-07-12 15:45:00,2415,420
2024-07-12 15:50:00,2263,446
2024-07-12 15:55:00,2306,444
2024-07-12 16:00:00,2758,442
2024-07-12 16:05:00,2259,436
2024-07-12 16:10:00,3322,436
2024-07-12 16:15:00,4970,418
2024-07-12 16:20:00,4240,442
2024-07-12 16:25:00,5135,474
2024-07-12 16:30:00,5135,484
2024-07-12 16:35:00,5526,522
2024-07-12 16:40:00,5634,508
2024-07-12 16:45:00,5671,518
2024-07-12 16:50:00,5564,502
2024-07-12 16:55:00,4778,418
2024-07-12 17:00:00,4545,264
2024-07-12 17:05:00,2997,238
2024-07-12 17:10:00,1579,210
2024-07-12 17:15:00,2515,142
2024-07-12 17:20:00,2194,150
2024-07-12 17:25:00,2757,174
2024-07-12 17:30:00,2808,258
2024-07-12 17:35:00,1928,268
2024-07-12 17:40:00,1594,220
2024-07-12 17:45:00,1413,164
2024-07-12 17:50:00,1278,162
2024-07-12 17:55:00,1084,170
2024-07-12 18:00:00,890,162
2024-07-12 18:05:00,802,160
2024-07-12 18:10:00,753,160
2024-07-12 18:15:00,895,194
2024-07-12 18:20:00,965,250
2024-07-12 18:25:00,847,240
2024-07-12 18:30:00,872,238
2024-07-12 18:35:00,895,240
2024-07-12 18:40:00,852,228
2024-07-12 18:45:00,820,230
2024-07-12 18:50:00,846,246
2024-07-12 18:55:00,877,260
2024-07-12 19:00:00,825,262
2024-07-12 19:05:00,884,204
2024-07-12 19:10:00,934,184
2024-07-12 19:15:00,767,184
2024-07-12 19:20:00,585,170
2024-07-12 19:25:00,480,170
2024-07-12 19:30:00,435,174
2024-07-12 19:35:00,435,154
2024-07-12 19:40:00,419,124
2024-07-12 19:45:00,366,104
2024-07-12 19:50:00,326,206
2024-07-12 19:55:00,260,228
2024-07-12 20:00:00,189,202
2024-07-12 20:05:00,171,190
2024-07-12 20:10:00,161,182
2024-07-12 20:15:00,125,186
2024-07-12 20:20:00,158,174
2024-07-12 20:25:00,95,166
2024-07-12 20:30:00,31,128
2024-07-12 20:35:00,21,58
2024-07-12 20:40:00,8,40
2024-07-12 20:45:00,5,40
2024-07-12 20:50:00,9,40
2024-07-12 20:55:00,19,34
2024-07-12 21:00:00,20,30
2024-07-12 21:05:00,4,30
2024-07-12 21:10:00,9,30
2024-07-12 21:15:00,27,30
2024-07-12 21:20:00,11,30
2024-07-12 21:25:00,0,30
2024-07-12 21:30:00,0,30
2024-07-12 21:35:00,0,26
2024-07-12 21:40:00,0,20
2024-07-12 21:45:00,0,16
2024-07-12 21:50:00,0,10
2024-07-12 21:55:00,0,10
2024-07-12 22:00:00,0,10
2024-07-12 22:05:00,0,10
2024-07-12 22:10:00,0,10
2024-07-12 22:15:00,0,10
2024-07-12 22:20:00,0,10
2024-07-12 22:25:00,0,10
2024-07-12 22:30:00,0,10
2024-07-12 22:35:00,0,10
2024-07-12 22:40:00,0,10
2024-07-12 22:45:00,0,10
2024-07-12 22:50:00,0,10
2024-07-12 22:55:00,0,10
2024-07-12 23:00:00,0,10
2024-07-12 23:10:00,0,10
2024-07-12 23:15:00,0,10
2024-07-12 23:20:00,0,10
2024-07-12 23:25:00,0,10
2024-07-12 23:30:00,0,10
2024-07-12 23:35:00,0,10
2024-07-12 23:40:00,0,10
2024-07-12 23:45:00,0,10
2024-07-12 23:50:00,0,10
2024-07-12 23:55:00,0,10
2024-07-13 00:00:00,0,10
2024-07-13 00:05:00,0,10
2024-07-13 00:10:00,0,10
2024-07-13 00:15:00,0,10
2024-07-13 00:20:00,0,10
2024-07-13 00:25:00,0,10
2024-07-13 00:30:00,0,10
2024-07-13 00:35:00,0,10
2024-07-13 00:40:00,0,10
2024-07-13 00:45:00,0,10
2024-07-13 00:50:00,0,10
2024-07-13 00:55:00,0,10
2024-07-13 01:00:00,0,10
2024-07-13 01:05:00,0,10
2024-07-13 01:10:00,0,10
2024-07-13 01:15:00,0,10
2024-07-13 01:20:00,0,10
2024-07-13 01:25:00,0,10
2024-07-13 01:30:00,0,10
2024-07-13 01:35:00,0,10
2024-07-13 01:40:00,0,10
2024-07-13 01:45:00,0,10
2024-07-13 01:50:00,0,10
2024-07-13 01:55:00,0,10
2024-07-13 02:00:00,0,10
2024-07-13 02:05:00,0,10
2024-07-13 02:10:00,0,10
2024-07-13 02:15:00,0,10
2024-07-13 02:20:00,0,10
2024-07-13 02:25:00,0,10
2024-07-13 02:30:00,0,10
2024-07-13 02:35:00,0,10
2024-07-13 02:40:00,0,10
2024-07-13 02:45:00,0,10
2024-07-13 02:50:00,0,10
2024-07-13 02:55:00,0,10
2024-07-13 03:00:00,0,10
2024-07-13 03:05:00,0,0
2024-07-13 03:10:00,0,0
2024-07-13 03:15:00,0,0
2024-07-13 03:20:00,0,0
2024-07-13 03:25:00,0,0
2024-07-13 03:30:00,0,0
2024-07-13 03:35:00,0,0
2024-07-13 03:40:00,0,0
2024-07-13 03:45:00,0,0
2024-07-13 03:50:00,0,0
2024-07-13 03:55:00,0,4
2024-07-13 04:00:00,0,10
2024-07-13 04:10:00,0,10
2024-07-13 04:15:00,0,10
2024-07-13 04:20:00,0,10
2024-07-13 04:25:00,0,10
2024-07-13 04:30:00,0,10
2024-07-13 04:35:00,0,10
2024-07-13 04:40:00,0,10
2024-07-13 04:45:00,0,10
2024-07-13 04:50:00,0,10
2024-07-13 04:55:00,0,10
2024-07-13 05:00:00,0,10
2024-07-13 05:05:00,0,10
2024-07-13 05:10:00,0,10
2024-07-13 05:15:00,0,10
2024-07-13 05:20:00,0,10
2024-07-13 05:25:00,0,10
2024-07-13 05:30:00,0,10
2024-07-13 05:35:00,0,10
2024-07-13 05:40:00,0,10
2024-07-13 05:45:00,0,10
2024-07-13 05:50:00,0,10
2024-07-13 05:55:00,0,10
2024-07-13 06:00:00,0,10
2024-07-13 06:05:00,0,10
2024-07-13 06:10:00,0,10
2024-07-13 06:15:00,11,10
2024-07-13 06:20:00,76,10
2024-07-13 06:25:00,83,60
2024-07-13 06:30:00,128,120
2024-07-13 06:35:00,122,148
2024-07-13 06:40:00,236,172
2024-07-13 06:45:00,1538,1316
2024-07-13 06:50:00,1743,1726
2024-07-13 06:55:00,1891,1870
2024-07-13 07:00:00,2006,2040
2024-07-13 07:05:00,2092,2072
2024-07-13 07:10:00,2183,2192
2024-07-13 07:15:00,2238,2242
2024-07-13 07:20:00,2328,2164
2024-07-13 07:25:00,2446,2222
2024-07-13 07:30:00,1427,1632
2024-07-13 07:35:00,893,866
2024-07-13 07:40:00,1325,1082
2024-07-13 07:45:00,1408,1254
2024-07-13 07:50:00,2602,2216
2024-07-13 07:55:00,1259,1432
2024-07-13 08:00:00,976,1032
2024-07-13 08:05:00,873,938
2024-07-13 08:10:00,687,698
2024-07-13 08:15:00,1037,1032
2024-07-13 08:20:00,879,860
2024-07-13 08:25:00,2242,386
2024-07-13 08:30:00,2611,344
2024-07-13 08:35:00,1436,286
2024-07-13 08:40:00,1768,212
2024-07-13 08:45:00,2977,156
2024-07-13 08:50:00,2526,136
2024-07-13 08:55:00,3125,130
2024-07-13 09:00:00,3556,190
2024-07-13 09:05:00,2937,224
2024-07-13 09:10:00,3833,358
2024-07-13 09:15:00,1632,276
2024-07-13 09:20:00,1158,276
2024-07-13 09:25:00,1552,336
2024-07-13 09:30:00,1414,432
2024-07-13 09:35:00,1198,452
2024-07-13 09:40:00,1091,770
2024-07-13 09:45:00,1010,1034
2024-07-13 09:50:00,1237,1232
2024-07-13 09:55:00,1241,1248
2024-07-13 10:00:00,1455,1292
2024-07-13 10:05:00,1608,1566
2024-07-13 10:10:00,1675,1746
2024-07-13 10:15:00,1757,1778
2024-07-13 10:20:00,2052,1938
2024-07-13 10:25:00,3466,1956
2024-07-13 10:30:00,5009,582
2024-07-13 10:35:00,4522,542
2024-07-13 10:40:00,4271,488
2024-07-13 10:45:00,3126,466
2024-07-13 10:50:00,5342,466
2024-07-13 10:55:00,4983,438
2024-07-13 11:00:00,5888,478
2024-07-13 11:05:00,4528,320
2024-07-13 11:10:00,4576,352
2024-07-13 11:15:00,2542,352
2024-07-13 11:20:00,1360,400
2024-07-13 11:25:00,1268,328
2024-07-13 11:30:00,2172,204
2024-07-13 11:35:00,5216,344
2024-07-13 11:40:00,5429,572
2024-07-13 11:45:00,5440,334
2024-07-13 11:50:00,5447,134
2024-07-13 11:55:00,5561,100
2024-07-13 12:00:00,5718,708
2024-07-13 12:05:00,5511,1574
2024-07-13 12:10:00,3661,1640
2024-07-13 12:15:00,4326,1582
2024-07-13 12:20:00,6102,498
2024-07-13 12:25:00,5940,556
2024-07-13 12:30:00,5918,216
2024-07-13 12:35:00,6045,206
2024-07-13 12:40:00,6138,204
2024-07-13 12:45:00,6027,210
2024-07-13 12:50:00,6084,212
2024-07-13 12:55:00,6138,214
2024-07-13 13:00:00,6210,200
2024-07-13 13:05:00,6366,186
2024-07-13 13:10:00,6529,210
2024-07-13 13:15:00,3058,742
2024-07-13 13:20:00,4411,1452
2024-07-13 13:25:00,1897,274
2024-07-13 13:30:00,2083,274
2024-07-13 13:35:00,2489,264
2024-07-13 13:40:00,3832,254
2024-07-13 13:45:00,4556,198
2024-07-13 13:50:00,3584,222
2024-07-13 13:55:00,6142,286
2024-07-13 14:00:00,6773,294
2024-07-13 14:05:00,6979,294
2024-07-13 14:10:00,3194,294
2024-07-13 14:15:00,1889,272
2024-07-13 14:20:00,2135,280
2024-07-13 14:25:00,3505,258
2024-07-13 14:30:00,3363,160
2024-07-13 14:35:00,3198,178
2024-07-13 14:40:00,2149,242
2024-07-13 14:45:00,2032,200
2024-07-13 14:50:00,3288,170
2024-07-13 14:55:00,3800,168
2024-07-13 15:00:00,2699,172
2024-07-13 15:05:00,2372,164
2024-07-13 15:10:00,4124,170
2024-07-13 15:15:00,6399,196
2024-07-13 15:20:00,5112,190
2024-07-13 15:25:00,5168,188
2024-07-13 15:30:00,2918,202
2024-07-13 15:35:00,3273,170
2024-07-13 15:40:00,4302,168
2024-07-13 15:45:00,2554,164
2024-07-13 15:50:00,2662,176
2024-07-13 15:55:00,5341,138
2024-07-13 16:00:00,2319,102
2024-07-13 16:05:00,1749,94
2024-07-13 16:10:00,4818,90
2024-07-13 16:15:00,6117,90
2024-07-13 16:20:00,3735,136
2024-07-13 16:25:00,2249,184
2024-07-13 16:30:00,2376,190
2024-07-13 16:35:00,2698,156
2024-07-13 16:40:00,2617,96
2024-07-13 16:45:00,3003,82
2024-07-13 16:50:00,3218,1480
2024-07-13 16:55:00,4939,208
2024-07-13 17:00:00,4925,134
2024-07-13 17:05:00,2820,200
2024-07-13 17:10:00,3147,192
2024-07-13 17:15:00,1988,190
2024-07-13 17:20:00,2246,202
2024-07-13 17:25:00,3598,202
2024-07-13 17:30:00,3567,188
2024-07-13 17:35:00,2417,180
2024-07-13 17:40:00,2793,152
2024-07-13 17:45:00,3278,122
2024-07-13 17:50:00,1638,182
2024-07-13 17:55:00,1582,170
2024-07-13 18:00:00,2174,118
2024-07-13 18:05:00,2330,90
2024-07-13 18:10:00,1614,90
2024-07-13 18:15:00,1405,130
2024-07-13 18:20:00,1730,98
2024-07-13 18:25:00,1767,152
2024-07-13 18:30:00,1097,190
2024-07-13 18:35:00,811,178
2024-07-13 18:40:00,2515,94
2024-07-13 18:45:00,4295,96
2024-07-13 18:50:00,4034,164
2024-07-13 18:55:00,3822,174
2024-07-13 19:00:00,3256,168
2024-07-13 19:05:00,2196,164
2024-07-13 19:10:00,1307,162
2024-07-13 19:15:00,2571,116
2024-07-13 19:20:00,2756,98
2024-07-13 19:25:00,3454,90
2024-07-13 19:30:00,2053,90
2024-07-13 19:35:00,809,108
2024-07-13 19:40:00,1373,186
2024-07-13 19:45:00,2005,190
2024-07-13 19:50:00,2828,144
2024-07-13 19:55:00,1799,100
2024-07-13 20:00:00,1222,90
2024-07-13 20:05:00,838,90
2024-07-13 20:10:00,710,86
2024-07-13 20:15:00,870,122
2024-07-13 20:20:00,1223,180
2024-07-13 20:25:00,1241,174
2024-07-13 20:30:00,1691,160
2024-07-13 20:35:00,1839,156
2024-07-13 20:40:00,1679,156
2024-07-13 20:45:00,1214,298
2024-07-13 20:50:00,384,534
2024-07-13 20:55:00,310,268
2024-07-13 21:00:00,289,190
2024-07-13 21:05:00,212,276
2024-07-13 21:10:00,148,214
2024-07-13 21:15:00,161,156
2024-07-13 21:20:00,88,178
2024-07-13 21:25:00,7,138
2024-07-13 21:30:00,0,70
2024-07-13 21:35:00,0,40
2024-07-13 21:40:00,0,28
2024-07-13 21:45:00,0,20
2024-07-13 21:50:00,0,18
2024-07-13 21:55:00,0,10
2024-07-13 22:00:00,0,10
2024-07-13 22:05:00,0,10
2024-07-13 22:10:00,0,10
2024-07-13 22:15:00,0,10
2024-07-13 22:20:00,0,10
2024-07-13 22:25:00,0,10
2024-07-13 22:30:00,0,10
2024-07-13 22:35:00,0,10
2024-07-13 22:40:00,0,10
2024-07-13 22:45:00,0,10
2024-07-13 22:50:00,0,10
2024-07-13 22:55:00,0,10
2024-07-13 23:00:00,0,10
2024-07-13 23:10:00,0,10
2024-07-13 23:15:00,0,10
2024-07-13 23:20:00,0,10
2024-07-13 23:25:00,0,10
2024-07-13 23:30:00,0,10
2024-07-13 23:35:00,0,10
2024-07-13 23:40:00,0,10
2024-07-13 23:45:00,0,10
2024-07-13 23:50:00,0,10
2024-07-13 23:55:00,0,10
2024-07-14 00:00:00,0,10
2024-07-14 00:05:00,0,10
2024-07-14 00:10:00,0,10
2024-07-14 00:15:00,0,10
2024-07-14 00:20:00,0,10
2024-07-14 00:25:00,0,10
2024-07-14 00:30:00,0,10
2024-07-14 00:35:00,0,10
2024-07-14 00:40:00,0,10
2024-07-14 00:45:00,0,10
2024-07-14 00:50:00,0,10
2024-07-14 00:55:00,0,10
2024-07-14 01:00:00,0,10
2024-07-14 01:05:00,0,10
2024-07-14 01:10:00,0,10
2024-07-14 01:15:00,0,10
2024-07-14 01:20:00,0,10
2024-07-14 01:25:00,0,10
2024-07-14 01:30:00,0,10
2024-07-14 01:35:00,0,10
2024-07-14 01:40:00,0,10
2024-07-14 01:45:00,0,10
2024-07-14 01:50:00,0,10
2024-07-14 01:55:00,0,10
2024-07-14 02:00:00,0,10
2024-07-14 02:05:00,0,10
2024-07-14 02:10:00,0,10
2024-07-14 02:15:00,0,10
2024-07-14 02:20:00,0,10
2024-07-14 02:25:00,0,10
2024-07-14 02:30:00,0,10
2024-07-14 02:35:00,0,10
2024-07-14 02:40:00,0,10
2024-07-14 02:45:00,0,10
2024-07-14 02:50:00,0,10
2024-07-14 02:55:00,0,10
2024-07-14 03:00:00,0,10
2024-07-14 03:05:00,0,0
2024-07-14 03:10:00,0,0
2024-07-14 03:15:00,0,0
2024-07-14 03:20:00,0,0
2024-07-14 03:25:00,0,0
2024-07-14 03:30:00,0,0
2024-07-14 03:35:00,0,0
2024-07-14 03:40:00,0,0
2024-07-14 03:45:00,0,0
2024-07-14 03:50:00,0,0
2024-07-14 03:55:00,0,0
2024-07-14 04:00:00,0,10
2024-07-14 04:10:00,0,10
2024-07-14 04:15:00,0,10
2024-07-14 04:20:00,0,10
2024-07-14 04:25:00,0,10
2024-07-14 04:30:00,0,10
2024-07-14 04:35:00,0,10
2024-07-14 04:40:00,0,10
2024-07-14 04:45:00,0,10
2024-07-14 04:50:00,0,10
2024-07-14 04:55:00,0,10
2024-07-14 05:00:00,0,10
2024-07-14 05:05:00,0,10
2024-07-14 05:10:00,0,10
2024-07-14 05:15:00,0,10
2024-07-14 05:20:00,0,10
2024-07-14 05:25:00,0,10
2024-07-14 05:30:00,0,10
2024-07-14 05:35:00,0,10
2024-07-14 05:40:00,0,10
2024-07-14 05:45:00,0,10
2024-07-14 05:50:00,0,10
2024-07-14 05:55:00,0,10
2024-07-14 06:00:00,43,10
2024-07-14 06:05:00,90,10
2024-07-14 06:10:00,85,110
2024-07-14 06:15:00,137,122
2024-07-14 06:20:00,200,170
2024-07-14 06:25:00,234,224
2024-07-14 06:30:00,283,290
2024-07-14 06:35:00,1144,936
2024-07-14 06:40:00,1547,1538
2024-07-14 06:45:00,1862,1838
2024-07-14 06:50:00,2078,2090
2024-07-14 06:55:00,2129,2138
2024-07-14 07:00:00,2128,2138
2024-07-14 07:05:00,1148,1186
2024-07-14 07:10:00,1537,1700
2024-07-14 07:15:00,1237,1222
2024-07-14 07:20:00,2070,1316
2024-07-14 07:25:00,2334,556
2024-07-14 07:30:00,2439,338
2024-07-14 07:35:00,2483,280
2024-07-14 07:40:00,1008,222
2024-07-14 07:45:00,3058,192
2024-07-14 07:50:00,2757,174
2024-07-14 07:55:00,3005,168
2024-07-14 08:00:00,2303,164
2024-07-14 08:05:00,2852,176
2024-07-14 08:10:00,2883,122
2024-07-14 08:15:00,3404,104
2024-07-14 08:20:00,3414,180
2024-07-14 08:25:00,3346,194
2024-07-14 08:30:00,3455,1410
2024-07-14 08:35:00,3144,306
2024-07-14 08:40:00,3723,120
2024-07-14 08:45:00,3669,90
2024-07-14 08:50:00,3606,494
2024-07-14 08:55:00,3496,824
2024-07-14 09:00:00,3527,672
2024-07-14 09:05:00,3495,206
2024-07-14 09:10:00,3532,422
2024-07-14 09:15:00,3575,178
2024-07-14 09:20:00,3659,180
2024-07-14 09:25:00,3777,280
2024-07-14 09:30:00,3819,328
2024-07-14 09:35:00,3802,338
2024-07-14 09:40:00,3766,336
2024-07-14 09:45:00,3785,320
2024-07-14 09:50:00,3945,316
2024-07-14 09:55:00,4252,332
2024-07-14 10:00:00,4499,334
2024-07-14 10:05:00,4588,320
2024-07-14 10:10:00,4225,276
2024-07-14 10:15:00,4395,702
2024-07-14 10:20:00,3866,382
2024-07-14 10:25:00,4141,162
2024-07-14 10:30:00,4454,152
2024-07-14 10:35:00,3995,290
2024-07-14 10:40:00,4245,1232
2024-07-14 10:45:00,4281,1550
2024-07-14 10:50:00,4319,1332
2024-07-14 10:55:00,4347,1350
2024-07-14 11:00:00,4405,1332
2024-07-14 11:05:00,4492,2092
2024-07-14 11:10:00,4588,1786
2024-07-14 11:15:00,4667,1008
2024-07-14 11:20:00,4726,700
2024-07-14 11:25:00,4833,1412
2024-07-14 11:30:00,4902,1024
2024-07-14 11:35:00,4990,1126
2024-07-14 11:40:00,5084,1656
2024-07-14 11:45:00,5143,1126
2024-07-14 11:50:00,5211,1400
2024-07-14 11:55:00,5321,1720
2024-07-14 12:00:00,5396,382
2024-07-14 12:05:00,5434,340
2024-07-14 12:10:00,5550,2418
2024-07-14 12:15:00,5606,2898
2024-07-14 12:20:00,5397,516
2024-07-14 12:25:00,4501,452
2024-07-14 12:30:00,2975,2040
2024-07-14 12:35:00,3822,2074
2024-07-14 12:40:00,6085,3692
2024-07-14 12:45:00,5941,1026
2024-07-14 12:50:00,5959,1966
2024-07-14 12:55:00,5971,666
2024-07-14 13:00:00,5881,348
2024-07-14 13:05:00,5719,2280
2024-07-14 13:10:00,5859,698
2024-07-14 13:15:00,6106,470
2024-07-14 13:20:00,6135,2122
2024-07-14 13:25:00,5941,464
2024-07-14 13:30:00,5893,472
2024-07-14 13:35:00,6100,444
2024-07-14 13:40:00,6036,1492
2024-07-14 13:45:00,6089,952
2024-07-14 13:50:00,6017,288
2024-07-14 13:55:00,5937,1968
2024-07-14 14:00:00,6169,256
2024-07-14 14:05:00,6087,780
2024-07-14 14:10:00,6182,1398
2024-07-14 14:15:00,6229,548
2024-07-14 14:20:00,6068,650
2024-07-14 14:25:00,6250,428
2024-07-14 14:30:00,6108,182
2024-07-14 14:35:00,5783,290
2024-07-14 14:40:00,4790,286
2024-07-14 14:45:00,5245,240
2024-07-14 14:50:00,3499,220
2024-07-14 14:55:00,3686,222
2024-07-14 15:00:00,4413,204
2024-07-14 15:05:00,4403,246
2024-07-14 15:10:00,3823,2396
2024-07-14 15:15:00,3959,2394
2024-07-14 15:20:00,4270,1042
2024-07-14 15:25:00,2745,318
2024-07-14 15:30:00,2486,324
2024-07-14 15:35:00,2499,330
2024-07-14 15:40:00,2941,326
2024-07-14 15:45:00,4062,334
2024-07-14 15:50:00,4335,308
2024-07-14 15:55:00,3132,314
2024-07-14 16:00:00,4177,302
2024-07-14 16:05:00,4589,304
2024-07-14 16:10:00,2703,280
2024-07-14 16:15:00,2280,252
2024-07-14 16:20:00,2988,268
2024-07-14 16:25:00,2824,216
2024-07-14 16:30:00,2554,1930
2024-07-14 16:35:00,2286,2222
2024-07-14 16:40:00,2089,1986
2024-07-14 16:45:00,1753,494
2024-07-14 16:50:00,1504,164
2024-07-14 16:55:00,1450,140
2024-07-14 17:00:00,1758,140
2024-07-14 17:05:00,1697,138
2024-07-14 17:10:00,1732,130
2024-07-14 17:15:00,1670,134
2024-07-14 17:20:00,1642,146
2024-07-14 17:25:00,1355,186
2024-07-14 17:30:00,1264,200
2024-07-14 17:35:00,1121,184
2024-07-14 17:40:00,932,180
2024-07-14 17:45:00,934,202
2024-07-14 17:50:00,992,196
2024-07-14 17:55:00,1187,200
2024-07-14 18:00:00,1462,192
2024-07-14 18:05:00,1219,176
2024-07-14 18:10:00,1306,242
2024-07-14 18:15:00,1364,318
2024-07-14 18:20:00,1441,346
2024-07-14 18:25:00,1200,332
2024-07-14 18:30:00,1016,358
2024-07-14 18:35:00,1193,342
2024-07-14 18:40:00,1340,318
2024-07-14 18:45:00,1322,366
2024-07-14 18:50:00,1179,1018
2024-07-14 18:55:00,1025,1056
2024-07-14 19:00:00,1066,928
2024-07-14 19:05:00,1135,336
2024-07-14 19:10:00,991,200
2024-07-14 19:15:00,815,202
2024-07-14 19:20:00,842,196
2024-07-14 19:25:00,729,190
2024-07-14 19:30:00,644,222
2024-07-14 19:35:00,565,280
2024-07-14 19:40:00,504,322
2024-07-14 19:45:00,425,390
2024-07-14 19:50:00,363,396
2024-07-14 19:55:00,341,370
2024-07-14 20:00:00,363,372
2024-07-14 20:05:00,387,408
2024-07-14 20:10:00,383,418
2024-07-14 20:15:00,322,374
2024-07-14 20:20:00,278,320
2024-07-14 20:25:00,232,282
2024-07-14 20:30:00,177,200
2024-07-14 20:35:00,118,144
2024-07-14 20:40:00,82,128
2024-07-14 20:45:00,66,104
2024-07-14 20:50:00,52,90
2024-07-14 20:55:00,37,72
2024-07-14 21:00:00,122,60
2024-07-14 21:05:00,295,320
2024-07-14 21:10:00,16,210
2024-07-14 21:15:00,1,82
2024-07-14 21:20:00,0,44
2024-07-14 21:25:00,0,30
2024-07-14 21:30:00,0,20
2024-07-14 21:35:00,0,20
2024-07-14 21:40:00,0,10
2024-07-14 21:45:00,0,10
2024-07-14 21:50:00,0,10
2024-07-14 21:55:00,0,10
2024-07-14 22:00:00,0,10
2024-07-14 22:05:00,0,10
2024-07-14 22:10:00,0,10
2024-07-14 22:15:00,0,10
2024-07-14 22:20:00,0,10
2024-07-14 22:25:00,0,10
2024-07-14 22:30:00,0,10
2024-07-14 22:35:00,0,10
2024-07-14 22:40:00,0,10
2024-07-14 22:45:00,0,10
2024-07-14 22:50:00,0,10
2024-07-14 22:55:00,0,10
2024-07-14 23:00:00,0,10
2024-07-14 23:10:00,0,10
2024-07-14 23:15:00,0,10
2024-07-14 23:20:00,0,10
2024-07-14 23:25:00,0,10
2024-07-14 23:30:00,0,10
2024-07-14 23:35:00,0,10
2024-07-14 23:40:00,0,10
2024-07-14 23:45:00,0,10
2024-07-14 23:50:00,0,10
2024-07-14 23:55:00,0,10
2024-07-15 00:00:00,0,10
2024-07-15 00:05:00,0,10
2024-07-15 00:10:00,0,10
2024-07-15 00:15:00,0,10
2024-07-15 00:20:00,0,10
2024-07-15 00:25:00,0,10
2024-07-15 00:30:00,0,10
2024-07-15 00:35:00,0,10
2024-07-15 00:40:00,0,10
2024-07-15 00:45:00,0,10
2024-07-15 00:50:00,0,10
2024-07-15 00:55:00,0,10
2024-07-15 01:00:00,0,10
2024-07-15 01:05:00,0,10
2024-07-15 01:10:00,0,10
2024-07-15 01:15:00,0,10
2024-07-15 01:20:00,0,10
2024-07-15 01:25:00,0,10
2024-07-15 01:30:00,0,10
2024-07-15 01:35:00,0,10
2024-07-15 01:40:00,0,10
2024-07-15 01:45:00,0,10
2024-07-15 01:50:00,0,10
2024-07-15 01:55:00,0,10
2024-07-15 02:00:00,0,10
2024-07-15 02:05:00,0,10
2024-07-15 02:10:00,0,10
2024-07-15 02:15:00,0,10
2024-07-15 02:20:00,0,10
2024-07-15 02:25:00,0,10
2024-07-15 02:30:00,0,10
2024-07-15 02:35:00,0,10
2024-07-15 02:40:00,0,10
2024-07-15 02:45:00,0,10
2024-07-15 02:50:00,0,10
2024-07-15 02:55:00,0,10
2024-07-15 03:00:00,0,10
2024-07-15 03:05:00,0,0
2024-07-15 03:10:00,0,0
2024-07-15 03:15:00,0,0
2024-07-15 03:20:00,0,0
2024-07-15 03:25:00,0,0
2024-07-15 03:30:00,0,0
2024-07-15 03:35:00,0,0
2024-07-15 03:40:00,0,0
2024-07-15 03:45:00,0,0
2024-07-15 03:50:00,0,0
2024-07-15 03:55:00,0,6
2024-07-15 04:00:00,0,10
2024-07-15 04:10:00,0,10
2024-07-15 04:15:00,0,10
2024-07-15 04:20:00,0,10
2024-07-15 04:25:00,0,10
2024-07-15 04:30:00,0,10
2024-07-15 04:35:00,0,10
2024-07-15 04:40:00,0,10
2024-07-15 04:45:00,0,10
2024-07-15 04:50:00,0,10
2024-07-15 04:55:00,0,10
2024-07-15 05:00:00,0,10
2024-07-15 05:05:00,0,10
2024-07-15 05:10:00,0,10
2024-07-15 05:15:00,0,10
2024-07-15 05:20:00,0,10
2024-07-15 05:25:00,0,10
2024-07-15 05:30:00,0,10
2024-07-15 05:35:00,0,10
2024-07-15 05:40:00,0,10
2024-07-15 05:45:00,0,10
2024-07-15 05:50:00,0,10
2024-07-15 05:55:00,0,10
2024-07-15 06:00:00,56,10
2024-07-15 06:05:00,94,10
2024-07-15 06:10:00,118,122
2024-07-15 06:15:00,152,142
2024-07-15 06:20:00,172,232
2024-07-15 06:25:00,225,212
2024-07-15 06:30:00,525,404
2024-07-15 06:35:00,870,808
2024-07-15 06:40:00,1140,1118
2024-07-15 06:45:00,1322,1350
2024-07-15 06:50:00,1419,1446
2024-07-15 06:55:00,1549,1548
2024-07-15 07:00:00,1624,1648
2024-07-15 07:05:00,1723,1746
2024-07-15 07:10:00,1869,1872
2024-07-15 07:15:00,2014,2016
2024-07-15 07:20:00,2094,2320
2024-07-15 07:25:00,2141,2150
2024-07-15 07:30:00,2311,2248
2024-07-15 07:35:00,2337,2088
2024-07-15 07:40:00,2470,1292
2024-07-15 07:45:00,2500,464
2024-07-15 07:50:00,2624,312
2024-07-15 07:55:00,2571,210
2024-07-15 08:00:00,2738,172
2024-07-15 08:05:00,2831,196
2024-07-15 08:10:00,2870,246
2024-07-15 08:15:00,2997,228
2024-07-15 08:20:00,3024,212
2024-07-15 08:25:00,3088,210
2024-07-15 08:30:00,3122,210
2024-07-15 08:35:00,2777,208
2024-07-15 08:40:00,3038,238
2024-07-15 08:45:00,3295,226
2024-07-15 08:50:00,3217,174
2024-07-15 08:55:00,3258,136
2024-07-15 09:00:00,3293,130
2024-07-15 09:05:00,3166,134
2024-07-15 09:10:00,3403,146
2024-07-15 09:15:00,3463,140
2024-07-15 09:20:00,3431,154
2024-07-15 09:25:00,3435,218
2024-07-15 09:30:00,3577,224
2024-07-15 09:35:00,3372,214
2024-07-15 09:40:00,3566,218
2024-07-15 09:45:00,3426,206
2024-07-15 09:50:00,3580,202
2024-07-15 09:55:00,3557,210
2024-07-15 10:00:00,3586,226
2024-07-15 10:05:00,3607,230
2024-07-15 10:10:00,3634,184
2024-07-15 10:15:00,3704,130
2024-07-15 10:20:00,3761,130
2024-07-15 10:25:00,3837,130
2024-07-15 10:30:00,3891,130
2024-07-15 10:35:00,3953,130
2024-07-15 10:40:00,4012,146
2024-07-15 10:45:00,4065,158
2024-07-15 10:50:00,4128,220
2024-07-15 10:55:00,4219,214
2024-07-15 11:00:00,4292,204
2024-07-15 11:05:00,4360,200
2024-07-15 11:10:00,4422,196
2024-07-15 11:15:00,4486,190
2024-07-15 11:20:00,4575,208
2024-07-15 11:25:00,4644,214
2024-07-15 11:30:00,4718,208
2024-07-15 11:35:00,4788,152
2024-07-15 11:40:00,4854,120
2024-07-15 11:45:00,4898,654
2024-07-15 11:50:00,4963,2768
2024-07-15 11:55:00,5011,2810
2024-07-15 12:00:00,5059,1956
2024-07-15 12:05:00,5102,250
2024-07-15 12:10:00,5174,2104
2024-07-15 12:15:00,5127,322
2024-07-15 12:20:00,5281,272
2024-07-15 12:25:00,5321,224
2024-07-15 12:30:00,5343,206
2024-07-15 12:35:00,5360,218
2024-07-15 12:40:00,5394,230
2024-07-15 12:45:00,5429,252
2024-07-15 12:50:00,5446,294
2024-07-15 12:55:00,5472,254
2024-07-15 13:00:00,5483,322
2024-07-15 13:05:00,5495,320
2024-07-15 13:10:00,5509,314
2024-07-15 13:15:00,5522,314
2024-07-15 13:20:00,5543,404
2024-07-15 13:25:00,5571,456
2024-07-15 13:30:00,5591,484
2024-07-15 13:35:00,5610,478
2024-07-15 13:40:00,5628,484
2024-07-15 13:45:00,5645,478
2024-07-15 13:50:00,5656,486
2024-07-15 13:55:00,5388,482
2024-07-15 14:00:00,5308,494
2024-07-15 14:05:00,5439,492
2024-07-15 14:10:00,5547,424
2024-07-15 14:15:00,5267,380
2024-07-15 14:20:00,5274,1082
2024-07-15 14:25:00,5380,462
2024-07-15 14:30:00,5060,400
2024-07-15 14:35:00,5457,462
2024-07-15 14:40:00,5584,464
2024-07-15 14:45:00,5611,1560
2024-07-15 14:50:00,5332,1014
2024-07-15 14:55:00,5182,666
2024-07-15 15:00:00,5234,610
2024-07-15 15:05:00,5154,548
2024-07-15 15:10:00,5363,450
2024-07-15 15:15:00,5347,474
2024-07-15 15:20:00,4231,492
2024-07-15 15:25:00,4090,496
2024-07-15 15:30:00,2634,438
2024-07-15 15:35:00,3372,418
2024-07-15 15:40:00,3335,400
2024-07-15 15:45:00,4277,398
2024-07-15 15:50:00,5224,408
2024-07-15 15:55:00,5152,358
2024-07-15 16:00:00,4828,428
2024-07-15 16:05:00,4625,460
2024-07-15 16:10:00,3331,444
2024-07-15 16:15:00,4158,460
2024-07-15 16:20:00,5033,470
2024-07-15 16:25:00,4562,472
2024-07-15 16:30:00,4003,472
2024-07-15 16:35:00,4147,486
2024-07-15 16:40:00,3676,478
2024-07-15 16:45:00,3802,428
2024-07-15 16:50:00,3818,384
2024-07-15 16:55:00,4657,316
2024-07-15 17:00:00,4482,138
2024-07-15 17:05:00,4244,132
2024-07-15 17:10:00,3994,140
2024-07-15 17:15:00,3517,176
2024-07-15 17:20:00,3252,372
2024-07-15 17:25:00,3855,342
2024-07-15 17:30:00,2468,232
2024-07-15 17:35:00,2930,216
2024-07-15 17:40:00,4228,230
2024-07-15 17:45:00,4560,242
2024-07-15 17:50:00,3939,240
2024-07-15 17:55:00,2904,230
2024-07-15 18:00:00,3736,218
2024-07-15 18:05:00,4464,214
2024-07-15 18:10:00,4453,210
2024-07-15 18:15:00,4309,162
2024-07-15 18:20:00,4126,150
2024-07-15 18:25:00,3867,158
2024-07-15 18:30:00,3592,196
2024-07-15 18:35:00,3410,214
2024-07-15 18:40:00,3120,210
2024-07-15 18:45:00,2693,214
2024-07-15 18:50:00,2471,274
2024-07-15 18:55:00,1601,302
2024-07-15 19:00:00,1514,278
2024-07-15 19:05:00,898,178
2024-07-15 19:10:00,776,164
2024-07-15 19:15:00,645,174
2024-07-15 19:20:00,529,260
2024-07-15 19:25:00,439,238
2024-07-15 19:30:00,313,254
2024-07-15 19:35:00,235,210
2024-07-15 19:40:00,210,210
2024-07-15 19:45:00,172,204
2024-07-15 19:50:00,136,176
2024-07-15 19:55:00,120,152
2024-07-15 20:00:00,103,136
2024-07-15 20:05:00,79,124
2024-07-15 20:10:00,74,110
2024-07-15 20:15:00,87,100
2024-07-15 20:20:00,92,102
2024-07-15 20:25:00,110,112
2024-07-15 20:30:00,126,132
2024-07-15 20:35:00,149,144
2024-07-15 20:40:00,136,168
2024-07-15 20:45:00,102,148
2024-07-15 20:50:00,91,122
2024-07-15 20:55:00,101,114
2024-07-15 21:00:00,67,114
2024-07-15 21:05:00,17,100
2024-07-15 21:10:00,1,70
2024-07-15 21:15:00,0,40
2024-07-15 21:20:00,0,28
2024-07-15 21:25:00,0,20
2024-07-15 21:30:00,0,18
2024-07-15 21:35:00,0,10
2024-07-15 21:40:00,0,10
2024-07-15 21:45:00,0,10
2024-07-15 21:50:00,0,10
2024-07-15 21:55:00,0,10
2024-07-15 22:00:00,0,10
2024-07-15 22:05:00,0,10
2024-07-15 22:10:00,0,10
2024-07-15 22:15:00,0,10
2024-07-15 22:20:00,0,10
2024-07-15 22:25:00,0,10
2024-07-15 22:30:00,0,10
2024-07-15 22:35:00,0,10
2024-07-15 22:40:00,0,10
2024-07-15 22:45:00,0,10
2024-07-15 22:50:00,0,10
2024-07-15 22:55:00,0,10
2024-07-15 23:00:00,0,10
2024-07-15 23:10:00,0,10
2024-07-15 23:15:00,0,10
2024-07-15 23:20:00,0,10
2024-07-15 23:25:00,0,10
2024-07-15 23:30:00,0,10
2024-07-15 23:35:00,0,10
2024-07-15 23:40:00,0,10
2024-07-15 23:45:00,0,10
2024-07-15 23:50:00,0,10
2024-07-15 23:55:00,0,10
2024-07-16 00:00:00,0,10
2024-07-16 00:05:00,0,10
2024-07-16 00:10:00,0,10
2024-07-16 00:15:00,0,10
2024-07-16 00:20:00,0,10
2024-07-16 00:25:00,0,10
2024-07-16 00:30:00,0,10
2024-07-16 00:35:00,0,10
2024-07-16 00:40:00,0,10
2024-07-16 00:45:00,0,10
2024-07-16 00:50:00,0,10
2024-07-16 00:55:00,0,10
2024-07-16 01:00:00,0,10
2024-07-16 01:05:00,0,10
2024-07-16 01:10:00,0,10
2024-07-16 01:15:00,0,10
2024-07-16 01:20:00,0,10
2024-07-16 01:25:00,0,10
2024-07-16 01:30:00,0,10
2024-07-16 01:35:00,0,10
2024-07-16 01:40:00,0,10
2024-07-16 01:45:00,0,10
2024-07-16 01:50:00,0,10
2024-07-16 01:55:00,0,10
2024-07-16 02:00:00,0,10
2024-07-16 02:05:00,0,10
2024-07-16 02:10:00,0,10
2024-07-16 02:15:00,0,10
2024-07-16 02:20:00,0,10
2024-07-16 02:25:00,0,10
2024-07-16 02:30:00,0,10
2024-07-16 02:35:00,0,10
2024-07-16 02:40:00,0,10
2024-07-16 02:45:00,0,10
2024-07-16 02:50:00,0,10
2024-07-16 02:55:00,0,10
2024-07-16 03:00:00,0,10
2024-07-16 03:05:00,0,0
2024-07-16 03:10:00,0,0
2024-07-16 03:15:00,0,0
2024-07-16 03:20:00,0,0
2024-07-16 03:25:00,0,0
2024-07-16 03:30:00,0,0
2024-07-16 03:35:00,0,0
2024-07-16 03:40:00,0,0
2024-07-16 03:45:00,0,0
2024-07-16 03:50:00,0,0
2024-07-16 03:55:00,0,0
2024-07-16 04:00:00,0,0
2024-07-16 04:10:00,0,0
2024-07-16 04:15:00,0,0
2024-07-16 04:20:00,0,7
2024-07-16 04:25:00,0,10
2024-07-16 04:30:00,0,10
2024-07-16 04:35:00,0,10
2024-07-16 04:40:00,0,10
2024-07-16 04:45:00,0,10
2024-07-16 04:50:00,0,10
2024-07-16 04:55:00,0,10
2024-07-16 05:00:00,0,10
2024-07-16 05:05:00,0,10
2024-07-16 05:10:00,0,10
2024-07-16 05:15:00,0,10
2024-07-16 05:20:00,0,10
2024-07-16 05:25:00,0,10
2024-07-16 05:30:00,0,10
2024-07-16 05:35:00,0,10
2024-07-16 05:40:00,0,10
2024-07-16 05:45:00,0,10
2024-07-16 05:50:00,0,10
2024-07-16 05:55:00,0,10
2024-07-16 06:00:00,0,10
2024-07-16 06:05:00,0,10
2024-07-16 06:10:00,28,10
2024-07-16 06:15:00,95,21
2024-07-16 06:20:00,92,187
2024-07-16 06:25:00,117,115
2024-07-16 06:30:00,129,140
2024-07-16 06:35:00,177,178
2024-07-16 06:40:00,448,348
2024-07-16 06:45:00,1338,1167
2024-07-16 06:50:00,1562,1576
2024-07-16 06:55:00,1599,1650
2024-07-16 07:00:00,1843,1897
2024-07-16 07:05:00,1946,1949
2024-07-16 07:10:00,2078,2110
2024-07-16 07:15:00,2179,2183
2024-07-16 07:20:00,1847,1934
2024-07-16 07:25:00,1073,1177
2024-07-16 07:30:00,2125,1766
2024-07-16 07:35:00,2509,2131
2024-07-16 07:40:00,2583,2145
2024-07-16 07:45:00,2676,2110
2024-07-16 07:50:00,2645,1177
2024-07-16 07:55:00,2709,636
2024-07-16 08:00:00,1853,415
2024-07-16 08:05:00,1608,293
2024-07-16 08:10:00,673,270
2024-07-16 08:15:00,1523,197
2024-07-16 08:20:00,3019,182
2024-07-16 08:25:00,3268,164
2024-07-16 08:30:00,3267,158
2024-07-16 08:35:00,3279,153
2024-07-16 08:40:00,3310,160
2024-07-16 08:45:00,3310,169
2024-07-16 08:50:00,3358,139
2024-07-16 08:55:00,3436,100
2024-07-16 09:00:00,3478,81
2024-07-16 09:05:00,3410,80
2024-07-16 09:10:00,3460,80
2024-07-16 09:15:00,3530,72
2024-07-16 09:20:00,3544,73
2024-07-16 09:25:00,3617,84
2024-07-16 09:30:00,3644,137
2024-07-16 09:35:00,3642,160
2024-07-16 09:40:00,3693,156
2024-07-16 09:45:00,3723,155
2024-07-16 09:50:00,3743,152
2024-07-16 09:55:00,3768,150
2024-07-16 10:00:00,3797,150
2024-07-16 10:05:00,3850,165
2024-07-16 10:10:00,3937,170
2024-07-16 10:15:00,3359,132
2024-07-16 10:20:00,4100,80
2024-07-16 10:25:00,4261,74
2024-07-16 10:30:00,4469,70
2024-07-16 10:35:00,4161,70
2024-07-16 10:40:00,4865,75
2024-07-16 10:45:00,4963,80
2024-07-16 10:50:00,3719,80
2024-07-16 10:55:00,4661,128
2024-07-16 11:00:00,4633,155
2024-07-16 11:05:00,4671,152
2024-07-16 11:10:00,5173,150
2024-07-16 11:15:00,5023,150
2024-07-16 11:20:00,5062,142
2024-07-16 11:25:00,5373,151
2024-07-16 11:30:00,5316,165
2024-07-16 11:35:00,4139,173
2024-07-16 11:40:00,2864,106
2024-07-16 11:45:00,5306,93
2024-07-16 11:50:00,5394,80
2024-07-16 11:55:00,5467,80
2024-07-16 12:00:00,5593,78
2024-07-16 12:05:00,5002,70
2024-07-16 12:10:00,5587,77
2024-07-16 12:15:00,5012,91
2024-07-16 12:20:00,4624,145
2024-07-16 12:25:00,5811,160
2024-07-16 12:30:00,3702,154
2024-07-16 12:35:00,5701,156
2024-07-16 12:40:00,5297,143
2024-07-16 12:45:00,5236,151
2024-07-16 12:50:00,4930,147
2024-07-16 12:55:00,4097,161
2024-07-16 13:00:00,4668,170
2024-07-16 13:05:00,4736,118
2024-07-16 13:10:00,5148,90
2024-07-16 13:15:00,4391,80
2024-07-16 13:20:00,4274,80
2024-07-16 13:25:00,6427,80
2024-07-16 13:30:00,6393,80
2024-07-16 13:35:00,6679,80
2024-07-16 13:40:00,4519,96
2024-07-16 13:45:00,6756,203
2024-07-16 13:50:00,2798,249
2024-07-16 13:55:00,2563,306
2024-07-16 14:00:00,4351,444
2024-07-16 14:05:00,4117,468
2024-07-16 14:10:00,3259,468
2024-07-16 14:15:00,4059,501
2024-07-16 14:20:00,6340,512
2024-07-16 14:25:00,6333,483
2024-07-16 14:30:00,6149,470
2024-07-16 14:35:00,4887,422
2024-07-16 14:40:00,6522,426
2024-07-16 14:45:00,4541,457
2024-07-16 14:50:00,2029,397
2024-07-16 14:55:00,2303,392
2024-07-16 15:00:00,3148,383
2024-07-16 15:05:00,2964,386
2024-07-16 15:10:00,4821,394
2024-07-16 15:15:00,5314,374
2024-07-16 15:20:00,5069,346
2024-07-16 15:25:00,5424,325
2024-07-16 15:30:00,6064,393
2024-07-16 15:35:00,5899,495
2024-07-16 15:40:00,5641,426
2024-07-16 15:45:00,3753,371
2024-07-16 15:50:00,5369,366
2024-07-16 15:55:00,5141,370
2024-07-16 16:00:00,3949,293
2024-07-16 16:05:00,4871,766
2024-07-16 16:10:00,1506,219
2024-07-16 16:15:00,1818,216
2024-07-16 16:20:00,3412,223
2024-07-16 16:25:00,3043,223
2024-07-16 16:30:00,3793,221
2024-07-16 16:35:00,3139,174
2024-07-16 16:40:00,4731,140
2024-07-16 16:45:00,5124,200
2024-07-16 16:50:00,1460,233
2024-07-16 16:55:00,1118,238
2024-07-16 17:00:00,1774,160
2024-07-16 17:05:00,1974,140
2024-07-16 17:10:00,1552,140
2024-07-16 17:15:00,1229,216
2024-07-16 17:20:00,1144,304
2024-07-16 17:25:00,2810,375
2024-07-16 17:30:00,1896,388
2024-07-16 17:35:00,2233,432
2024-07-16 17:40:00,2293,447
2024-07-16 17:45:00,2202,393
2024-07-16 17:50:00,1862,381
2024-07-16 17:55:00,1724,425
2024-07-16 18:00:00,4789,403
2024-07-16 18:05:00,1284,393
2024-07-16 18:10:00,1175,384
2024-07-16 18:15:00,1278,372
2024-07-16 18:20:00,2351,355
2024-07-16 18:25:00,4773,273
2024-07-16 18:30:00,4590,199
2024-07-16 18:35:00,3845,146
2024-07-16 18:40:00,4179,149
2024-07-16 18:45:00,3837,150
2024-07-16 18:50:00,2388,150
2024-07-16 18:55:00,746,156
2024-07-16 19:00:00,811,229
2024-07-16 19:05:00,1087,253
2024-07-16 19:10:00,3686,206
2024-07-16 19:15:00,1741,134
2024-07-16 19:20:00,2150,149
2024-07-16 19:25:00,3574,150
2024-07-16 19:30:00,3233,150
2024-07-16 19:35:00,3023,178
2024-07-16 19:40:00,2926,655
2024-07-16 19:45:00,2064,177
2024-07-16 19:50:00,1693,165
2024-07-16 19:55:00,672,221
2024-07-16 20:00:00,592,344
2024-07-16 20:05:00,629,450
2024-07-16 20:10:00,584,488
2024-07-16 20:15:00,1462,493
2024-07-16 20:20:00,2155,460
2024-07-16 20:25:00,964,420
2024-07-16 20:30:00,1103,472
2024-07-16 20:35:00,1536,519
2024-07-16 20:40:00,1406,498
2024-07-16 20:45:00,1242,445
2024-07-16 20:50:00,1097,454
2024-07-16 20:55:00,527,443
2024-07-16 21:00:00,655,498
2024-07-16 21:05:00,548,448
2024-07-16 21:10:00,317,429
2024-07-16 21:15:00,148,244
2024-07-16 21:20:00,31,158
2024-07-16 21:25:00,6,70
2024-07-16 21:30:00,0,42
2024-07-16 21:35:00,0,40
2024-07-16 21:40:00,0,40
2024-07-16 21:45:00,0,32
2024-07-16 21:50:00,0,22
2024-07-16 21:55:00,0,20
2024-07-16 22:00:00,0,12
2024-07-16 22:05:00,0,10
2024-07-16 22:10:00,0,10
2024-07-16 22:15:00,0,10
2024-07-16 22:20:00,0,10
2024-07-16 22:25:00,0,10
2024-07-16 22:30:00,0,10
2024-07-16 22:35:00,0,10
2024-07-16 22:40:00,0,10
2024-07-16 22:45:00,0,10
2024-07-16 22:50:00,0,10
2024-07-16 22:55:00,0,10
2024-07-16 23:00:00,0,10
2024-07-16 23:10:00,0,10
2024-07-16 23:15:00,0,10
2024-07-16 23:20:00,0,10
2024-07-16 23:25:00,0,10
2024-07-16 23:30:00,0,10
2024-07-16 23:35:00,0,10
2024-07-16 23:40:00,0,10
2024-07-16 23:45:00,0,10
2024-07-16 23:50:00,0,10
2024-07-16 23:55:00,0,10
2024-07-17 00:00:00,0,10
2024-07-17 00:05:00,0,10
2024-07-17 00:10:00,0,10
2024-07-17 00:15:00,0,10
2024-07-17 00:20:00,0,10
2024-07-17 00:25:00,0,10
2024-07-17 00:30:00,0,10
2024-07-17 00:35:00,0,10
2024-07-17 00:40:00,0,10
2024-07-17 00:45:00,0,10
2024-07-17 00:50:00,0,10
2024-07-17 00:55:00,0,10
2024-07-17 01:00:00,0,10
2024-07-17 01:05:00,0,10
2024-07-17 01:10:00,0,10
2024-07-17 01:15:00,0,10
2024-07-17 01:20:00,0,10
2024-07-17 01:25:00,0,10
2024-07-17 01:30:00,0,10
2024-07-17 01:35:00,0,10
2024-07-17 01:40:00,0,10
2024-07-17 01:45:00,0,10
2024-07-17 01:50:00,0,10
2024-07-17 01:55:00,0,10
2024-07-17 02:00:00,0,10
2024-07-17 02:05:00,0,10
2024-07-17 02:10:00,0,10
2024-07-17 02:15:00,0,10
2024-07-17 02:20:00,0,10
2024-07-17 02:25:00,0,10
2024-07-17 02:30:00,0,10
2024-07-17 02:35:00,0,10
2024-07-17 02:40:00,0,10
2024-07-17 02:45:00,0,10
2024-07-17 02:50:00,0,10
2024-07-17 02:55:00,0,10
2024-07-17 03:00:00,0,10
2024-07-17 03:05:00,0,0
2024-07-17 03:10:00,0,0
2024-07-17 03:15:00,0,0
2024-07-17 03:20:00,0,0
2024-07-17 03:25:00,0,0
2024-07-17 03:30:00,0,0
2024-07-17 03:35:00,0,0
2024-07-17 03:40:00,0,0
2024-07-17 03:45:00,0,0
2024-07-17 03:50:00,0,0
2024-07-17 03:55:00,0,0
2024-07-17 04:00:00,0,0
2024-07-17 04:10:00,0,0
2024-07-17 04:15:00,0,0
2024-07-17 04:20:00,0,3
2024-07-17 04:25:00,0,10
2024-07-17 04:30:00,0,10
2024-07-17 04:35:00,0,10
2024-07-17 04:40:00,0,10
2024-07-17 04:45:00,0,10
2024-07-17 04:50:00,0,10
2024-07-17 04:55:00,0,10
2024-07-17 05:00:00,0,10
2024-07-17 05:05:00,0,10
2024-07-17 05:10:00,0,10
2024-07-17 05:15:00,0,10
2024-07-17 05:20:00,0,10
2024-07-17 05:25:00,0,10
2024-07-17 05:30:00,0,10
2024-07-17 05:35:00,0,10
2024-07-17 05:40:00,0,10
2024-07-17 05:45:00,0,10
2024-07-17 05:50:00,0,10
2024-07-17 05:55:00,0,10
2024-07-17 06:00:00,0,10
2024-07-17 06:05:00,0,10
2024-07-17 06:10:00,0,10
2024-07-17 06:15:00,1,10
2024-07-17 06:20:00,44,10
2024-07-17 06:25:00,159,47
2024-07-17 06:30:00,256,201
2024-07-17 06:35:00,296,304
2024-07-17 06:40:00,289,351
2024-07-17 06:45:00,362,299
2024-07-17 06:50:00,1149,853
2024-07-17 06:55:00,1891,1899
2024-07-17 07:00:00,2060,2036
2024-07-17 07:05:00,1891,2015
2024-07-17 07:10:00,2006,1955
2024-07-17 07:15:00,2140,2138
2024-07-17 07:20:00,1375,1515
2024-07-17 07:25:00,1314,1256
2024-07-17 07:30:00,1530,1640
2024-07-17 07:35:00,681,741
2024-07-17 07:40:00,2139,1779
2024-07-17 07:45:00,2774,2364
2024-07-17 07:50:00,2838,2232
2024-07-17 07:55:00,2985,1052
2024-07-17 08:00:00,3041,614
2024-07-17 08:05:00,3052,432
2024-07-17 08:10:00,3057,338
2024-07-17 08:15:00,3134,339
2024-07-17 08:20:00,3229,315
2024-07-17 08:25:00,3338,310
2024-07-17 08:30:00,3558,295
2024-07-17 08:35:00,3601,2335
2024-07-17 08:40:00,3055,2442
2024-07-17 08:45:00,3381,1322
2024-07-17 08:50:00,2689,237
2024-07-17 08:55:00,3509,227
2024-07-17 09:00:00,3558,279
2024-07-17 09:05:00,3608,320
2024-07-17 09:10:00,3676,366
2024-07-17 09:15:00,3687,351
2024-07-17 09:20:00,3681,268
2024-07-17 09:25:00,3690,260
2024-07-17 09:30:00,3677,263
2024-07-17 09:35:00,3754,260
2024-07-17 09:40:00,3806,253
2024-07-17 09:45:00,3884,319
2024-07-17 09:50:00,3977,353
2024-07-17 09:55:00,4165,2301
2024-07-17 10:00:00,3887,2391
2024-07-17 10:05:00,3778,1607
2024-07-17 10:10:00,4232,260
2024-07-17 10:15:00,3892,247
2024-07-17 10:20:00,4161,225
2024-07-17 10:25:00,4175,174
2024-07-17 10:30:00,4194,193
2024-07-17 10:35:00,4357,250
2024-07-17 10:40:00,4409,268
2024-07-17 10:45:00,3736,267
2024-07-17 10:50:00,3956,199
2024-07-17 10:55:00,4738,164
2024-07-17 11:00:00,4889,174
2024-07-17 11:05:00,4507,165
2024-07-17 11:10:00,3726,176
2024-07-17 11:15:00,5025,164
2024-07-17 11:20:00,5246,180
2024-07-17 11:25:00,5395,264
2024-07-17 11:30:00,4511,268
2024-07-17 11:35:00,5343,242
2024-07-17 11:40:00,5172,216
2024-07-17 11:45:00,5196,1526
2024-07-17 11:50:00,5662,3003
2024-07-17 11:55:00,5852,2042
2024-07-17 12:00:00,5920,1242
2024-07-17 12:05:00,6131,1228
2024-07-17 12:10:00,6179,652
2024-07-17 12:15:00,5331,162
2024-07-17 12:20:00,6270,172
2024-07-17 12:25:00,5571,188
2024-07-17 12:30:00,5745,172
2024-07-17 12:35:00,6462,160
2024-07-17 12:40:00,5000,216
2024-07-17 12:45:00,6023,240
2024-07-17 12:50:00,6159,218
2024-07-17 12:55:00,5838,233
2024-07-17 13:00:00,6041,268
2024-07-17 13:05:00,5956,257
2024-07-17 13:10:00,3742,268
2024-07-17 13:15:00,2484,190
2024-07-17 13:20:00,4372,168
2024-07-17 13:25:00,5067,160
2024-07-17 13:30:00,4661,172
2024-07-17 13:35:00,2607,220
2024-07-17 13:40:00,2274,187
2024-07-17 13:45:00,2255,164
2024-07-17 13:50:00,2357,224
2024-07-17 13:55:00,2477,412
2024-07-17 14:00:00,2678,543
2024-07-17 14:05:00,2858,426
2024-07-17 14:10:00,3137,421
2024-07-17 14:15:00,4184,411
2024-07-17 14:20:00,3476,385
2024-07-17 14:25:00,4552,396
2024-07-17 14:30:00,4680,392
2024-07-17 14:35:00,3649,491
2024-07-17 14:40:00,3440,513
2024-07-17 14:45:00,4903,496
2024-07-17 14:50:00,6910,493
2024-07-17 14:55:00,5571,402
2024-07-17 15:00:00,3485,336
2024-07-17 15:05:00,4932,352
2024-07-17 15:10:00,5650,356
2024-07-17 15:15:00,5188,357
2024-07-17 15:20:00,4762,336
2024-07-17 15:25:00,3839,334
2024-07-17 15:30:00,3155,298
2024-07-17 15:35:00,5507,190
2024-07-17 15:40:00,3672,132
2024-07-17 15:45:00,4273,132
2024-07-17 15:50:00,3987,110
2024-07-17 15:55:00,3469,108
2024-07-17 16:00:00,5824,166
2024-07-17 16:05:00,3938,234
2024-07-17 16:10:00,2508,271
2024-07-17 16:15:00,3118,254
2024-07-17 16:20:00,3774,191
2024-07-17 16:25:00,3512,183
2024-07-17 16:30:00,2992,199
2024-07-17 16:35:00,2632,385
2024-07-17 16:40:00,2314,402
2024-07-17 16:45:00,2259,393
2024-07-17 16:50:00,2321,377
2024-07-17 16:55:00,2161,393
2024-07-17 17:00:00,2379,460
2024-07-17 17:05:00,2826,468
2024-07-17 17:10:00,1988,466
2024-07-17 17:15:00,2426,443
2024-07-17 17:20:00,5220,446
2024-07-17 17:25:00,4861,354
2024-07-17 17:30:00,4531,326
2024-07-17 17:35:00,4755,316
2024-07-17 17:40:00,4703,240
2024-07-17 17:45:00,4626,154
2024-07-17 17:50:00,4597,150
2024-07-17 17:55:00,3187,150
2024-07-17 18:00:00,1781,191
2024-07-17 18:05:00,2103,242
2024-07-17 18:10:00,1589,230
2024-07-17 18:15:00,2396,230
2024-07-17 18:20:00,4051,237
2024-07-17 18:25:00,3324,251
2024-07-17 18:30:00,2621,256
2024-07-17 18:35:00,1722,225
2024-07-17 18:40:00,2482,190
2024-07-17 18:45:00,3549,182
2024-07-17 18:50:00,3470,174
2024-07-17 18:55:00,3427,162
2024-07-17 19:00:00,3367,116
2024-07-17 19:05:00,3282,160
2024-07-17 19:10:00,3165,148
2024-07-17 19:15:00,3061,90
2024-07-17 19:20:00,2986,90
2024-07-17 19:25:00,2934,84
2024-07-17 19:30:00,2834,156
2024-07-17 19:35:00,2719,195
2024-07-17 19:40:00,2620,159
2024-07-17 19:45:00,2517,95
2024-07-17 19:50:00,2388,88
2024-07-17 19:55:00,2256,86
2024-07-17 20:00:00,2105,212
2024-07-17 20:05:00,2007,367
2024-07-17 20:10:00,1921,362
2024-07-17 20:15:00,1815,376
2024-07-17 20:20:00,1704,395
2024-07-17 20:25:00,1586,400
2024-07-17 20:30:00,1447,434
2024-07-17 20:35:00,1228,456
2024-07-17 20:40:00,875,485
2024-07-17 20:45:00,626,409
2024-07-17 20:50:00,690,449
2024-07-17 20:55:00,336,392
2024-07-17 21:00:00,298,344
2024-07-17 21:05:00,175,233
2024-07-17 21:10:00,61,165
2024-07-17 21:15:00,23,120
2024-07-17 21:20:00,4,64
2024-07-17 21:25:00,0,36
2024-07-17 21:30:00,0,26
2024-07-17 21:35:00,0,20
2024-07-17 21:40:00,0,20
2024-07-17 21:45:00,0,20
2024-07-17 21:50:00,0,20
2024-07-17 21:55:00,0,20
2024-07-17 22:00:00,0,18
2024-07-17 22:05:00,0,10
2024-07-17 22:10:00,0,10
2024-07-17 22:15:00,0,10
2024-07-17 22:20:00,0,10
2024-07-17 22:25:00,0,10
2024-07-17 22:30:00,0,10
2024-07-17 22:35:00,0,10
2024-07-17 22:40:00,0,10
2024-07-17 22:45:00,0,10
2024-07-17 22:50:00,0,10
2024-07-17 22:55:00,0,10
2024-07-17 23:00:00,0,10
2024-07-17 23:10:00,0,10
2024-07-17 23:15:00,0,10
2024-07-17 23:20:00,0,10
2024-07-17 23:25:00,0,10
2024-07-17 23:30:00,0,10
2024-07-17 23:35:00,0,10
2024-07-17 23:40:00,0,10
2024-07-17 23:45:00,0,10
2024-07-17 23:50:00,0,10
2024-07-17 23:55:00,0,10
2024-07-18 00:00:00,0,10
2024-07-18 00:05:00,0,10
2024-07-18 00:10:00,0,10
2024-07-18 00:15:00,0,10
2024-07-18 00:20:00,0,10
2024-07-18 00:25:00,0,10
2024-07-18 00:30:00,0,10
2024-07-18 00:35:00,0,10
2024-07-18 00:40:00,0,10
2024-07-18 00:45:00,0,10
2024-07-18 00:50:00,0,10
2024-07-18 00:55:00,0,10
2024-07-18 01:00:00,0,10
2024-07-18 01:05:00,0,10
2024-07-18 01:10:00,0,10
2024-07-18 01:15:00,0,10
2024-07-18 01:20:00,0,10
2024-07-18 01:25:00,0,10
2024-07-18 01:30:00,0,10
2024-07-18 01:35:00,0,10
2024-07-18 01:40:00,0,10
2024-07-18 01:45:00,0,10
2024-07-18 01:50:00,0,10
2024-07-18 01:55:00,0,10
2024-07-18 02:00:00,0,10
2024-07-18 02:05:00,0,10
2024-07-18 02:10:00,0,10
2024-07-18 02:15:00,0,10
2024-07-18 02:20:00,0,10
2024-07-18 02:25:00,0,10
2024-07-18 02:30:00,0,10
2024-07-18 02:35:00,0,10
2024-07-18 02:40:00,0,10
2024-07-18 02:45:00,0,10
2024-07-18 02:50:00,0,10
2024-07-18 02:55:00,0,10
2024-07-18 03:00:00,0,10
2024-07-18 03:05:00,0,0
2024-07-18 03:10:00,0,0
2024-07-18 03:15:00,0,0
2024-07-18 03:20:00,0,0
2024-07-18 03:25:00,0,0
2024-07-18 03:30:00,0,0
2024-07-18 03:35:00,0,0
2024-07-18 03:40:00,0,0
2024-07-18 03:45:00,0,0
2024-07-18 03:50:00,0,0
2024-07-18 03:55:00,0,0
2024-07-18 04:00:00,0,0
2024-07-18 04:10:00,0,0
2024-07-18 04:15:00,0,0
2024-07-18 04:20:00,0,0
2024-07-18 04:25:00,0,0
2024-07-18 04:30:00,0,6
2024-07-18 04:35:00,0,10
2024-07-18 04:40:00,0,10
2024-07-18 04:45:00,0,10
2024-07-18 04:50:00,0,10
2024-07-18 04:55:00,0,10
2024-07-18 05:00:00,0,10
2024-07-18 05:05:00,0,10
2024-07-18 05:10:00,0,10
2024-07-18 05:15:00,0,10
2024-07-18 05:20:00,0,10
2024-07-18 05:25:00,0,10
2024-07-18 05:30:00,0,10
2024-07-18 05:35:00,0,10
2024-07-18 05:40:00,0,10
2024-07-18 05:45:00,0,10
2024-07-18 05:50:00,0,10
2024-07-18 05:55:00,0,10
2024-07-18 06:00:00,19,10
2024-07-18 06:05:00,100,10
2024-07-18 06:10:00,118,120
2024-07-18 06:15:00,182,168
2024-07-18 06:20:00,210,220
2024-07-18 06:25:00,284,252
2024-07-18 06:30:00,351,276
2024-07-18 06:35:00,866,786
2024-07-18 06:40:00,1236,1158
2024-07-18 06:45:00,1534,1546
2024-07-18 06:50:00,1715,1748
2024-07-18 06:55:00,1831,1854
2024-07-18 07:00:00,1966,1976
2024-07-18 07:05:00,2007,2086
2024-07-18 07:10:00,1550,1654
2024-07-18 07:15:00,1709,1718
2024-07-18 07:20:00,1393,1478
2024-07-18 07:25:00,1686,1632
2024-07-18 07:30:00,1741,1764
2024-07-18 07:35:00,1736,1668
2024-07-18 07:40:00,1895,708
2024-07-18 07:45:00,1861,410
2024-07-18 07:50:00,2120,280
2024-07-18 07:55:00,1914,228
2024-07-18 08:00:00,1561,194
2024-07-18 08:05:00,1896,178
2024-07-18 08:10:00,1889,172
2024-07-18 08:15:00,2273,240
2024-07-18 08:20:00,2870,240
2024-07-18 08:25:00,2940,232
2024-07-18 08:30:00,2127,230
2024-07-18 08:35:00,2798,250
2024-07-18 08:40:00,2638,260
2024-07-18 08:45:00,3330,206
2024-07-18 08:50:00,2620,150
2024-07-18 08:55:00,3339,562
2024-07-18 09:00:00,3112,368
2024-07-18 09:05:00,2555,266
2024-07-18 09:10:00,2452,210
2024-07-18 09:15:00,2881,150
2024-07-18 09:20:00,2990,272
2024-07-18 09:25:00,3354,186
2024-07-18 09:30:00,3577,148
2024-07-18 09:35:00,3290,148
2024-07-18 09:40:00,2905,148
2024-07-18 09:45:00,3707,204
2024-07-18 09:50:00,3446,204
2024-07-18 09:55:00,4116,206
2024-07-18 10:00:00,3778,250
2024-07-18 10:05:00,3022,200
2024-07-18 10:10:00,2580,220
2024-07-18 10:15:00,3118,224
2024-07-18 10:20:00,3325,176
2024-07-18 10:25:00,3840,134
2024-07-18 10:30:00,3696,124
2024-07-18 10:35:00,4261,136
2024-07-18 10:40:00,3985,150
2024-07-18 10:45:00,3744,150
2024-07-18 10:50:00,4234,218
2024-07-18 10:55:00,3936,222
2024-07-18 11:00:00,3319,224
2024-07-18 11:05:00,3730,224
2024-07-18 11:10:00,3376,214
2024-07-18 11:15:00,4400,214
2024-07-18 11:20:00,4258,224
2024-07-18 11:25:00,4001,234
2024-07-18 11:30:00,3396,238
2024-07-18 11:35:00,2622,158
2024-07-18 11:40:00,4016,146
2024-07-18 11:45:00,3890,128
2024-07-18 11:50:00,4598,124
2024-07-18 11:55:00,5222,130
2024-07-18 12:00:00,5090,130
2024-07-18 12:05:00,5288,152
2024-07-18 12:10:00,5243,214
2024-07-18 12:15:00,5323,210
2024-07-18 12:20:00,5379,202
2024-07-18 12:25:00,5518,200
2024-07-18 12:30:00,5622,200
2024-07-18 12:35:00,5610,948
2024-07-18 12:40:00,5607,248
2024-07-18 12:45:00,5600,1174
2024-07-18 12:50:00,5696,342
2024-07-18 12:55:00,5757,296
2024-07-18 13:00:00,5221,394
2024-07-18 13:05:00,4462,364
2024-07-18 13:10:00,5551,412
2024-07-18 13:15:00,5358,374
2024-07-18 13:20:00,6010,428
2024-07-18 13:25:00,5870,410
2024-07-18 13:30:00,5847,410
2024-07-18 13:35:00,5921,424
2024-07-18 13:40:00,5636,468
2024-07-18 13:45:00,5060,404
2024-07-18 13:50:00,5997,422
2024-07-18 13:55:00,6122,418
2024-07-18 14:00:00,5953,318
2024-07-18 14:05:00,5138,398
2024-07-18 14:10:00,5446,394
2024-07-18 14:15:00,5473,388
2024-07-18 14:20:00,6056,346
2024-07-18 14:25:00,5673,424
2024-07-18 14:30:00,5774,444
2024-07-18 14:35:00,5950,406
2024-07-18 14:40:00,4988,390
2024-07-18 14:45:00,5441,400
2024-07-18 14:50:00,5921,454
2024-07-18 14:55:00,5756,460
2024-07-18 15:00:00,5710,490
2024-07-18 15:05:00,5666,478
2024-07-18 15:10:00,5590,362
2024-07-18 15:15:00,5195,330
2024-07-18 15:20:00,5227,336
2024-07-18 15:25:00,4851,250
2024-07-18 15:30:00,5489,164
2024-07-18 15:35:00,5273,222
2024-07-18 15:40:00,5192,352
2024-07-18 15:45:00,5138,798
2024-07-18 15:50:00,5071,392
2024-07-18 15:55:00,4960,374
2024-07-18 16:00:00,4866,370
2024-07-18 16:05:00,4774,370
2024-07-18 16:10:00,4683,354
2024-07-18 16:15:00,4634,314
2024-07-18 16:20:00,4647,336
2024-07-18 16:25:00,4663,246
2024-07-18 16:30:00,4672,298
2024-07-18 16:35:00,4801,296
2024-07-18 16:40:00,4772,296
2024-07-18 16:45:00,4574,304
2024-07-18 16:50:00,3383,430
2024-07-18 16:55:00,4096,450
2024-07-18 17:00:00,4494,408
2024-07-18 17:05:00,4531,306
2024-07-18 17:10:00,4501,278
2024-07-18 17:15:00,4408,278
2024-07-18 17:20:00,4354,276
2024-07-18 17:25:00,4325,302
2024-07-18 17:30:00,3330,306
2024-07-18 17:35:00,895,224
2024-07-18 17:40:00,1881,208
2024-07-18 17:45:00,4120,210
2024-07-18 17:50:00,4019,212
2024-07-18 17:55:00,4080,228
2024-07-18 18:00:00,3992,272
2024-07-18 18:05:00,3953,310
2024-07-18 18:10:00,3838,310
2024-07-18 18:15:00,3780,290
2024-07-18 18:20:00,3674,294
2024-07-18 18:25:00,3633,276
2024-07-18 18:30:00,3593,214
2024-07-18 18:35:00,3544,240
2024-07-18 18:40:00,3472,244
2024-07-18 18:45:00,3419,172
2024-07-18 18:50:00,3347,98
2024-07-18 18:55:00,3247,90
2024-07-18 19:00:00,3169,90
2024-07-18 19:05:00,3101,90
2024-07-18 19:10:00,3005,98
2024-07-18 19:15:00,2939,94
2024-07-18 19:20:00,2851,130
2024-07-18 19:25:00,2755,180
2024-07-18 19:30:00,2648,164
2024-07-18 19:35:00,2558,166
2024-07-18 19:40:00,2462,160
2024-07-18 19:45:00,2393,166
2024-07-18 19:50:00,2275,228
2024-07-18 19:55:00,2242,246
2024-07-18 20:00:00,2085,864
2024-07-18 20:05:00,1995,630
2024-07-18 20:10:00,1849,230
2024-07-18 20:15:00,1482,308
2024-07-18 20:20:00,443,398
2024-07-18 20:25:00,729,390
2024-07-18 20:30:00,350,370
2024-07-18 20:35:00,662,502
2024-07-18 20:40:00,472,512
2024-07-18 20:45:00,654,576
2024-07-18 20:50:00,347,452
2024-07-18 20:55:00,310,298
2024-07-18 21:00:00,282,308
2024-07-18 21:05:00,230,282
2024-07-18 21:10:00,74,198
2024-07-18 21:15:00,15,122
2024-07-18 21:20:00,2,58
2024-07-18 21:25:00,0,36
2024-07-18 21:30:00,0,26
2024-07-18 21:35:00,0,20
2024-07-18 21:40:00,0,20
2024-07-18 21:45:00,0,20
2024-07-18 21:50:00,0,20
2024-07-18 21:55:00,0,20
2024-07-18 22:00:00,0,20
2024-07-18 22:05:00,0,18
2024-07-18 22:10:00,0,10
2024-07-18 22:15:00,0,10
2024-07-18 22:20:00,0,10
2024-07-18 22:25:00,0,10
2024-07-18 22:30:00,0,10
2024-07-18 22:35:00,0,10
2024-07-18 22:40:00,0,10
2024-07-18 22:45:00,0,10
2024-07-18 22:50:00,0,10
2024-07-18 22:55:00,0,10
2024-07-18 23:00:00,0,10
2024-07-18 23:10:00,0,10
2024-07-18 23:15:00,0,10
2024-07-18 23:20:00,0,10
2024-07-18 23:25:00,0,10
2024-07-18 23:30:00,0,10
2024-07-18 23:35:00,0,10
2024-07-18 23:40:00,0,10
2024-07-18 23:45:00,0,10
2024-07-18 23:50:00,0,10
2024-07-18 23:55:00,0,10
2024-07-19 00:00:00,0,10
2024-07-19 00:05:00,0,10
2024-07-19 00:10:00,0,10
2024-07-19 00:15:00,0,10
2024-07-19 00:20:00,0,10
2024-07-19 00:25:00,0,10
2024-07-19 00:30:00,0,10
2024-07-19 00:35:00,0,10
2024-07-19 00:40:00,0,10
2024-07-19 00:45:00,0,10
2024-07-19 00:50:00,0,10
2024-07-19 00:55:00,0,10
2024-07-19 01:00:00,0,10
2024-07-19 01:05:00,0,10
2024-07-19 01:10:00,0,10
2024-07-19 01:15:00,0,10
2024-07-19 01:20:00,0,10
2024-07-19 01:25:00,0,10
2024-07-19 01:30:00,0,10
2024-07-19 01:35:00,0,10
2024-07-19 01:40:00,0,10
2024-07-19 01:45:00,0,10
2024-07-19 01:50:00,0,10
2024-07-19 01:55:00,0,10
2024-07-19 02:00:00,0,10
2024-07-19 02:05:00,0,10
2024-07-19 02:10:00,0,10
2024-07-19 02:15:00,0,10
2024-07-19 02:20:00,0,10
2024-07-19 02:25:00,0,10
2024-07-19 02:30:00,0,10
2024-07-19 02:35:00,0,10
2024-07-19 02:40:00,0,10
2024-07-19 02:45:00,0,10
2024-07-19 02:50:00,0,10
2024-07-19 02:55:00,0,10
2024-07-19 03:00:00,0,10
2024-07-19 03:05:00,0,0
2024-07-19 03:10:00,0,0
2024-07-19 03:15:00,0,0
2024-07-19 03:20:00,0,0
2024-07-19 03:25:00,0,0
2024-07-19 03:30:00,0,0
2024-07-19 03:35:00,0,0
2024-07-19 03:40:00,0,0
2024-07-19 03:45:00,0,0
2024-07-19 03:50:00,0,0
2024-07-19 03:55:00,0,0
2024-07-19 04:00:00,0,0
2024-07-19 04:10:00,0,10
2024-07-19 04:15:00,0,10
2024-07-19 04:20:00,0,10
2024-07-19 04:25:00,0,10
2024-07-19 04:30:00,0,10
2024-07-19 04:35:00,0,10
2024-07-19 04:40:00,0,10
2024-07-19 04:45:00,0,10
2024-07-19 04:50:00,0,10
2024-07-19 04:55:00,0,10
2024-07-19 05:00:00,0,10
2024-07-19 05:05:00,0,10
2024-07-19 05:10:00,0,10
2024-07-19 05:15:00,0,10
2024-07-19 05:20:00,0,10
2024-07-19 05:25:00,0,10
2024-07-19 05:30:00,0,10
2024-07-19 05:35:00,0,10
2024-07-19 05:40:00,0,10
2024-07-19 05:45:00,0,10
2024-07-19 05:50:00,0,10
2024-07-19 05:55:00,0,10
2024-07-19 06:00:00,0,10
2024-07-19 06:05:00,36,10
2024-07-19 06:10:00,77,20
2024-07-19 06:15:00,58,62
2024-07-19 06:20:00,126,90
2024-07-19 06:25:00,164,154
2024-07-19 06:30:00,179,200
2024-07-19 06:35:00,206,198
2024-07-19 06:40:00,313,276
2024-07-19 06:45:00,315,406
2024-07-19 06:50:00,392,340
2024-07-19 06:55:00,494,472
2024-07-19 07:00:00,585,562
2024-07-19 07:05:00,680,718
2024-07-19 07:10:00,733,736
2024-07-19 07:15:00,935,1002
2024-07-19 07:20:00,1133,1090
2024-07-19 07:25:00,1394,1432
2024-07-19 07:30:00,1027,1002
2024-07-19 07:35:00,885,1050
2024-07-19 07:40:00,1087,890
2024-07-19 07:45:00,1322,1246
2024-07-19 07:50:00,2058,1914
2024-07-19 07:55:00,1989,1992
2024-07-19 08:00:00,1976,1856
2024-07-19 08:05:00,2241,2206
2024-07-19 08:10:00,2067,1940
2024-07-19 08:15:00,2756,2214
2024-07-19 08:20:00,2501,2254
2024-07-19 08:25:00,2426,986
2024-07-19 08:30:00,2435,2410
2024-07-19 08:35:00,2781,2202
2024-07-19 08:40:00,2784,366
2024-07-19 08:45:00,2597,742
2024-07-19 08:50:00,2367,1430
2024-07-19 08:55:00,2027,238
2024-07-19 09:00:00,1957,166
2024-07-19 09:05:00,2962,152
2024-07-19 09:10:00,3329,166
2024-07-19 09:15:00,3509,146
2024-07-19 09:20:00,2992,140
2024-07-19 09:25:00,3445,164
2024-07-19 09:30:00,3091,328
2024-07-19 09:35:00,3189,236
2024-07-19 09:40:00,3280,180
2024-07-19 09:45:00,3139,152
2024-07-19 09:50:00,3099,140
2024-07-19 09:55:00,3134,144
2024-07-19 10:00:00,3137,144
2024-07-19 10:05:00,3395,188
2024-07-19 10:10:00,3356,224
2024-07-19 10:15:00,3448,222
2024-07-19 10:20:00,3988,216
2024-07-19 10:25:00,4066,220
2024-07-19 10:30:00,4079,210
2024-07-19 10:35:00,3588,210
2024-07-19 10:40:00,4116,200
2024-07-19 10:45:00,3925,150
2024-07-19 10:50:00,3946,162
2024-07-19 10:55:00,4230,230
2024-07-19 11:00:00,4293,240
2024-07-19 11:05:00,4322,194
2024-07-19 11:10:00,4313,142
2024-07-19 11:15:00,4331,130
2024-07-19 11:20:00,4508,138
2024-07-19 11:25:00,4596,132
2024-07-19 11:30:00,4662,130
2024-07-19 11:35:00,4766,134
2024-07-19 11:40:00,4830,274
2024-07-19 11:45:00,4850,402
2024-07-19 11:50:00,4840,406
2024-07-19 11:55:00,4979,388
2024-07-19 12:00:00,5000,386
2024-07-19 12:05:00,5036,918
2024-07-19 12:10:00,5079,426
2024-07-19 12:15:00,5120,390
2024-07-19 12:20:00,5160,390
2024-07-19 12:25:00,5212,318
2024-07-19 12:30:00,5234,342
2024-07-19 12:35:00,5277,316
2024-07-19 12:40:00,5308,652
2024-07-19 12:45:00,5349,1006
2024-07-19 12:50:00,5370,338
2024-07-19 12:55:00,5392,308
2024-07-19 13:00:00,5428,384
2024-07-19 13:05:00,5434,392
2024-07-19 13:10:00,5452,386
2024-07-19 13:15:00,5470,388
2024-07-19 13:20:00,5502,376
2024-07-19 13:25:00,5516,406
2024-07-19 13:30:00,5537,460
2024-07-19 13:35:00,5527,476
2024-07-19 13:40:00,5555,466
2024-07-19 13:45:00,5600,466
2024-07-19 13:50:00,5794,462
2024-07-19 13:55:00,4921,500
2024-07-19 14:00:00,4446,442
2024-07-19 14:05:00,5238,402
2024-07-19 14:10:00,5347,404
2024-07-19 14:15:00,5941,402
2024-07-19 14:20:00,5901,340
2024-07-19 14:25:00,5703,318
2024-07-19 14:30:00,5638,308
2024-07-19 14:35:00,5668,370
2024-07-19 14:40:00,4328,400
2024-07-19 14:45:00,5534,390
2024-07-19 14:50:00,5808,340
2024-07-19 14:55:00,5223,324
2024-07-19 15:00:00,3383,302
2024-07-19 15:05:00,3106,290
2024-07-19 15:10:00,5526,400
2024-07-19 15:15:00,5240,382
2024-07-19 15:20:00,3544,340
2024-07-19 15:25:00,1644,336
2024-07-19 15:30:00,3135,326
2024-07-19 15:35:00,1701,314
2024-07-19 15:40:00,1560,274
2024-07-19 15:45:00,1650,194
2024-07-19 15:50:00,1709,216
2024-07-19 15:55:00,1642,228
2024-07-19 16:00:00,2953,186
2024-07-19 16:05:00,4692,136
2024-07-19 16:10:00,3624,138
2024-07-19 16:15:00,2291,146
2024-07-19 16:20:00,3213,128
2024-07-19 16:25:00,1577,124
2024-07-19 16:30:00,4295,136
2024-07-19 16:35:00,2725,154
2024-07-19 16:40:00,1231,216
2024-07-19 16:45:00,1944,210
2024-07-19 16:50:00,1292,202
2024-07-19 16:55:00,1392,202
2024-07-19 17:00:00,1646,216
2024-07-19 17:05:00,1403,228
2024-07-19 17:10:00,4396,240
2024-07-19 17:15:00,4265,262
2024-07-19 17:20:00,4131,190
2024-07-19 17:25:00,4132,146
2024-07-19 17:30:00,3984,228
2024-07-19 17:35:00,3946,172
2024-07-19 17:40:00,4074,140
2024-07-19 17:45:00,3995,176
2024-07-19 17:50:00,4019,150
2024-07-19 17:55:00,3953,222
2024-07-19 18:00:00,3899,236
2024-07-19 18:05:00,3866,250
2024-07-19 18:10:00,3859,246
2024-07-19 18:15:00,3916,240
2024-07-19 18:20:00,3870,214
2024-07-19 18:25:00,3628,166
2024-07-19 18:30:00,3547,160
2024-07-19 18:35:00,3438,150
2024-07-19 18:40:00,3364,150
2024-07-19 18:45:00,3290,150
2024-07-19 18:50:00,3233,152
2024-07-19 18:55:00,3174,152
2024-07-19 19:00:00,3105,124
2024-07-19 19:05:00,3025,80
2024-07-19 19:10:00,2945,144
2024-07-19 19:15:00,2868,196
2024-07-19 19:20:00,2793,202
2024-07-19 19:25:00,2690,180
2024-07-19 19:30:00,2563,148
2024-07-19 19:35:00,2395,112
2024-07-19 19:40:00,2231,80
2024-07-19 19:45:00,2122,80
2024-07-19 19:50:00,1999,110
2024-07-19 19:55:00,1846,168
2024-07-19 20:00:00,1721,156
2024-07-19 20:05:00,1620,150
2024-07-19 20:10:00,1467,214
2024-07-19 20:15:00,1366,256
2024-07-19 20:20:00,1230,194
2024-07-19 20:25:00,1077,200
2024-07-19 20:30:00,906,198
2024-07-19 20:35:00,779,180
2024-07-19 20:40:00,663,172
2024-07-19 20:45:00,473,186
2024-07-19 20:50:00,319,342
2024-07-19 20:55:00,152,256
2024-07-19 21:00:00,97,138
2024-07-19 21:05:00,60,104
2024-07-19 21:10:00,34,90
2024-07-19 21:15:00,12,70
2024-07-19 21:20:00,0,42
2024-07-19 21:25:00,0,40
2024-07-19 21:30:00,0,40
2024-07-19 21:35:00,0,36
2024-07-19 21:40:00,0,26
2024-07-19 21:45:00,0,20
2024-07-19 21:50:00,0,16
2024-07-19 21:55:00,0,10
2024-07-19 22:00:00,0,10
2024-07-19 22:05:00,0,10
2024-07-19 22:10:00,0,10
2024-07-19 22:15:00,0,10
2024-07-19 22:20:00,0,6
2024-07-19 22:25:00,0,0
2024-07-19 22:30:00,0,0
2024-07-19 22:35:00,0,0
2024-07-19 22:40:00,0,0
2024-07-19 22:45:00,0,0
2024-07-19 22:50:00,0,0
2024-07-19 22:55:00,0,0
2024-07-19 23:00:00,0,0
2024-07-19 23:10:00,0,0
2024-07-19 23:15:00,0,0
2024-07-19 23:20:00,0,0
2024-07-19 23:25:00,0,0
2024-07-19 23:30:00,0,0
2024-07-19 23:35:00,0,0
2024-07-19 23:40:00,0,0
2024-07-19 23:45:00,0,0
2024-07-19 23:50:00,0,0
2024-07-19 23:55:00,0,0
2024-07-20 00:00:00,0,0
2024-07-20 00:05:00,0,0
2024-07-20 00:10:00,0,10
2024-07-20 00:15:00,0,10
2024-07-20 00:20:00,0,10
2024-07-20 00:25:00,0,10
2024-07-20 00:30:00,0,10
2024-07-20 00:35:00,0,10
2024-07-20 00:40:00,0,10
2024-07-20 00:45:00,0,10
2024-07-20 00:50:00,0,10
2024-07-20 00:55:00,0,10
2024-07-20 01:00:00,0,10
2024-07-20 01:05:00,0,10
2024-07-20 01:10:00,0,10
2024-07-20 01:15:00,0,10
2024-07-20 01:20:00,0,10
2024-07-20 01:25:00,0,10
2024-07-20 01:30:00,0,10
2024-07-20 01:35:00,0,10
2024-07-20 01:40:00,0,10
2024-07-20 01:45:00,0,10
2024-07-20 01:50:00,0,10
2024-07-20 01:55:00,0,10
2024-07-20 02:00:00,0,10
2024-07-20 02:05:00,0,10
2024-07-20 02:10:00,0,10
2024-07-20 02:15:00,0,10
2024-07-20 02:20:00,0,10
2024-07-20 02:25:00,0,10
2024-07-20 02:30:00,0,10
2024-07-20 02:35:00,0,10
2024-07-20 02:40:00,0,10
2024-07-20 02:45:00,0,10
2024-07-20 02:50:00,0,10
2024-07-20 02:55:00,0,10
2024-07-20 03:00:00,0,10
2024-07-20 03:05:00,0,0
2024-07-20 03:10:00,0,0
2024-07-20 03:15:00,0,0
2024-07-20 03:20:00,0,0
2024-07-20 03:25:00,0,0
2024-07-20 03:30:00,0,0
2024-07-20 03:35:00,0,0
2024-07-20 03:40:00,0,0
2024-07-20 03:45:00,0,0
2024-07-20 03:50:00,0,0
2024-07-20 03:55:00,0,0
2024-07-20 04:00:00,0,9
2024-07-20 04:10:00,0,10
2024-07-20 04:15:00,0,10
2024-07-20 04:20:00,0,10
2024-07-20 04:25:00,0,10
2024-07-20 04:30:00,0,10
2024-07-20 04:35:00,0,10
2024-07-20 04:40:00,0,10
2024-07-20 04:45:00,0,10
2024-07-20 04:50:00,0,10
2024-07-20 04:55:00,0,10
2024-07-20 05:00:00,0,10
2024-07-20 05:05:00,0,10
2024-07-20 05:10:00,0,10
2024-07-20 05:15:00,0,10
2024-07-20 05:20:00,0,10
2024-07-20 05:25:00,0,10
2024-07-20 05:30:00,0,10
2024-07-20 05:35:00,0,10
2024-07-20 05:40:00,0,10
2024-07-20 05:45:00,0,10
2024-07-20 05:50:00,0,10
2024-07-20 05:55:00,0,10
2024-07-20 06:00:00,0,10
2024-07-20 06:05:00,0,10
2024-07-20 06:10:00,22,10
2024-07-20 06:15:00,123,29
2024-07-20 06:20:00,163,147
2024-07-20 06:25:00,207,193
2024-07-20 06:30:00,260,245
2024-07-20 06:35:00,463,382
2024-07-20 06:40:00,764,714
2024-07-20 06:45:00,983,961
2024-07-20 06:50:00,1097,1104
2024-07-20 06:55:00,1175,1186
2024-07-20 07:00:00,1311,1284
2024-07-20 07:05:00,1383,1386
2024-07-20 07:10:00,1546,1547
2024-07-20 07:15:00,1685,1702
2024-07-20 07:20:00,1808,1807
2024-07-20 07:25:00,1903,1903
2024-07-20 07:30:00,1985,1990
2024-07-20 07:35:00,2068,2104
2024-07-20 07:40:00,2156,1473
2024-07-20 07:45:00,2255,759
2024-07-20 07:50:00,2317,200
2024-07-20 07:55:00,2159,264
2024-07-20 08:00:00,2534,232
2024-07-20 08:05:00,2610,344
2024-07-20 08:10:00,2671,428
2024-07-20 08:15:00,2742,509
2024-07-20 08:20:00,2802,2413
2024-07-20 08:25:00,2873,556
2024-07-20 08:30:00,2929,293
2024-07-20 08:35:00,2992,275
2024-07-20 08:40:00,3052,187
2024-07-20 08:45:00,3104,152
2024-07-20 08:50:00,3146,153
2024-07-20 08:55:00,3205,151
2024-07-20 09:00:00,3233,146
2024-07-20 09:05:00,3266,186
2024-07-20 09:10:00,3298,187
2024-07-20 09:15:00,3296,184
2024-07-20 09:20:00,3303,183
2024-07-20 09:25:00,3336,190
2024-07-20 09:30:00,3349,190
2024-07-20 09:35:00,3370,211
2024-07-20 09:40:00,3383,192
2024-07-20 09:45:00,3411,171
2024-07-20 09:50:00,3438,273
2024-07-20 09:55:00,3459,205
2024-07-20 10:00:00,3479,179
2024-07-20 10:05:00,3514,175
2024-07-20 10:10:00,3539,150
2024-07-20 10:15:00,3549,155
2024-07-20 10:20:00,3586,179
2024-07-20 10:25:00,3660,180
2024-07-20 10:30:00,3712,112
2024-07-20 10:35:00,3764,95
2024-07-20 10:40:00,3817,80
2024-07-20 10:45:00,3896,80
2024-07-20 10:50:00,3981,80
2024-07-20 10:55:00,4054,81
2024-07-20 11:00:00,4120,134
2024-07-20 11:05:00,4174,168
2024-07-20 11:10:00,4234,156
2024-07-20 11:15:00,4310,156
2024-07-20 11:20:00,4387,164
2024-07-20 11:25:00,4448,185
2024-07-20 11:30:00,4505,186
2024-07-20 11:35:00,4577,172
2024-07-20 11:40:00,4658,150
2024-07-20 11:45:00,4714,150
2024-07-20 11:50:00,4781,150
2024-07-20 11:55:00,4826,150
2024-07-20 12:00:00,4887,144
2024-07-20 12:05:00,4952,101
2024-07-20 12:10:00,4994,86
2024-07-20 12:15:00,5043,80
2024-07-20 12:20:00,5098,90
2024-07-20 12:25:00,5156,157
2024-07-20 12:30:00,5189,180
2024-07-20 12:35:00,5236,142
2024-07-20 12:40:00,5268,80
2024-07-20 12:45:00,5306,80
2024-07-20 12:50:00,5328,80
2024-07-20 12:55:00,5380,80
2024-07-20 13:00:00,5427,80
2024-07-20 13:05:00,5456,102
2024-07-20 13:10:00,5479,166
2024-07-20 13:15:00,5474,170
2024-07-20 13:20:00,5494,855
2024-07-20 13:25:00,5554,196
2024-07-20 13:30:00,5562,185
2024-07-20 13:35:00,5561,187
2024-07-20 13:40:00,5523,164
2024-07-20 13:45:00,5525,278
2024-07-20 13:50:00,5530,340
2024-07-20 13:55:00,5549,362
2024-07-20 14:00:00,5529,366
2024-07-20 14:05:00,5518,373
2024-07-20 14:10:00,5514,348
2024-07-20 14:15:00,5473,351
2024-07-20 14:20:00,5470,386
2024-07-20 14:25:00,5490,441
2024-07-20 14:30:00,5496,439
2024-07-20 14:35:00,5444,344
2024-07-20 14:40:00,5438,339
2024-07-20 14:45:00,5411,241
2024-07-20 14:50:00,5368,131
2024-07-20 14:55:00,5236,90
2024-07-20 15:00:00,5228,90
2024-07-20 15:05:00,5191,112
2024-07-20 15:10:00,5177,171
2024-07-20 15:15:00,5056,168
2024-07-20 15:20:00,5039,160
2024-07-20 15:25:00,5011,194
2024-07-20 15:30:00,4980,290
2024-07-20 15:35:00,4917,325
2024-07-20 15:40:00,4851,326
2024-07-20 15:45:00,4789,306
2024-07-20 15:50:00,4729,291
2024-07-20 15:55:00,4631,294
2024-07-20 16:00:00,4619,290
2024-07-20 16:05:00,4558,236
2024-07-20 16:10:00,4461,226
2024-07-20 16:15:00,4376,208
2024-07-20 16:20:00,4286,190
2024-07-20 16:25:00,4237,145
2024-07-20 16:30:00,4178,221
2024-07-20 16:35:00,4134,250
2024-07-20 16:40:00,4211,219
2024-07-20 16:45:00,4236,147
2024-07-20 16:50:00,4225,103
2024-07-20 16:55:00,4212,91
2024-07-20 17:00:00,4148,80
2024-07-20 17:05:00,4153,90
2024-07-20 17:10:00,4122,157
2024-07-20 17:15:00,4098,170
2024-07-20 17:20:00,4077,160
2024-07-20 17:25:00,4048,154
2024-07-20 17:30:00,4044,159
2024-07-20 17:35:00,4006,163
2024-07-20 17:40:00,3709,177
2024-07-20 17:45:00,3782,185
2024-07-20 17:50:00,3671,178
2024-07-20 17:55:00,3907,164
2024-07-20 18:00:00,3921,160
2024-07-20 18:05:00,3826,146
2024-07-20 18:10:00,3654,120
2024-07-20 18:15:00,3460,86
2024-07-20 18:20:00,2913,80
2024-07-20 18:25:00,2363,80
2024-07-20 18:30:00,1643,80
2024-07-20 18:35:00,1830,80
2024-07-20 18:40:00,2774,81
2024-07-20 18:45:00,2589,145
2024-07-20 18:50:00,2085,193
2024-07-20 18:55:00,1538,144
2024-07-20 19:00:00,885,121
2024-07-20 19:05:00,744,110
2024-07-20 19:10:00,693,80
2024-07-20 19:15:00,821,101
2024-07-20 19:20:00,1475,175
2024-07-20 19:25:00,2033,162
2024-07-20 19:30:00,2424,166
2024-07-20 19:35:00,2134,152
2024-07-20 19:40:00,1677,150
2024-07-20 19:45:00,1390,153
2024-07-20 19:50:00,1433,152
2024-07-20 19:55:00,1045,230
2024-07-20 20:00:00,1329,523
2024-07-20 20:05:00,1661,685
2024-07-20 20:10:00,1313,173
2024-07-20 20:15:00,894,152
2024-07-20 20:20:00,392,268
2024-07-20 20:25:00,344,335
2024-07-20 20:30:00,228,324
2024-07-20 20:35:00,166,204
2024-07-20 20:40:00,122,179
2024-07-20 20:45:00,98,145
2024-07-20 20:50:00,74,115
2024-07-20 20:55:00,48,94
2024-07-20 21:00:00,33,49
2024-07-20 21:05:00,14,40
2024-07-20 21:10:00,4,40
2024-07-20 21:15:00,0,36
2024-07-20 21:20:00,0,26
2024-07-20 21:25:00,0,20
2024-07-20 21:30:00,0,16
2024-07-20 21:35:00,0,10
2024-07-20 21:40:00,0,10
2024-07-20 21:45:00,0,10
2024-07-20 21:50:00,0,10
2024-07-20 21:55:00,0,10
2024-07-20 22:00:00,0,10
2024-07-20 22:05:00,0,10
2024-07-20 22:10:00,0,10
2024-07-20 22:15:00,0,10
2024-07-20 22:20:00,0,10
2024-07-20 22:25:00,0,10
2024-07-20 22:30:00,0,10
2024-07-20 22:35:00,0,10
2024-07-20 22:40:00,0,10
2024-07-20 22:45:00,0,10
2024-07-20 22:50:00,0,10
2024-07-20 22:55:00,0,10
2024-07-20 23:00:00,0,10
2024-07-20 23:10:00,0,10
2024-07-20 23:15:00,0,10
2024-07-20 23:20:00,0,10
2024-07-20 23:25:00,0,10
2024-07-20 23:30:00,0,10
2024-07-20 23:35:00,0,10
2024-07-20 23:40:00,0,10
2024-07-20 23:45:00,0,10
2024-07-20 23:50:00,0,10
2024-07-20 23:55:00,0,10
2024-07-21 00:00:00,0,10
2024-07-21 00:05:00,0,10
2024-07-21 00:10:00,0,10
2024-07-21 00:15:00,0,10
2024-07-21 00:20:00,0,10
2024-07-21 00:25:00,0,10
2024-07-21 00:30:00,0,10
2024-07-21 00:35:00,0,10
2024-07-21 00:40:00,0,10
2024-07-21 00:45:00,0,10
2024-07-21 00:50:00,0,10
2024-07-21 00:55:00,0,10
2024-07-21 01:00:00,0,10
2024-07-21 01:05:00,0,10
2024-07-21 01:10:00,0,10
2024-07-21 01:15:00,0,10
2024-07-21 01:20:00,0,10
2024-07-21 01:25:00,0,10
2024-07-21 01:30:00,0,10
2024-07-21 01:35:00,0,10
2024-07-21 01:40:00,0,10
2024-07-21 01:45:00,0,10
2024-07-21 01:50:00,0,10
2024-07-21 01:55:00,0,10
2024-07-21 02:00:00,0,10
2024-07-21 02:05:00,0,10
2024-07-21 02:10:00,0,10
2024-07-21 02:15:00,0,10
2024-07-21 02:20:00,0,10
2024-07-21 02:25:00,0,10
2024-07-21 02:30:00,0,10
2024-07-21 02:35:00,0,10
2024-07-21 02:40:00,0,10
2024-07-21 02:45:00,0,10
2024-07-21 02:50:00,0,10
2024-07-21 02:55:00,0,10
2024-07-21 03:00:00,0,10
2024-07-21 03:05:00,0,0
2024-07-21 03:10:00,0,0
2024-07-21 03:15:00,0,0
2024-07-21 03:20:00,0,0
2024-07-21 03:25:00,0,0
2024-07-21 03:30:00,0,0
2024-07-21 03:35:00,0,0
2024-07-21 03:40:00,0,0
2024-07-21 03:45:00,0,0
2024-07-21 03:50:00,0,0
2024-07-21 03:55:00,0,0
2024-07-21 04:00:00,0,0
2024-07-21 04:10:00,0,10
2024-07-21 04:15:00,0,10
2024-07-21 04:20:00,0,10
2024-07-21 04:25:00,0,10
2024-07-21 04:30:00,0,10
2024-07-21 04:35:00,0,10
2024-07-21 04:40:00,0,10
2024-07-21 04:45:00,0,10
2024-07-21 04:50:00,0,10
2024-07-21 04:55:00,0,10
2024-07-21 05:00:00,0,10
2024-07-21 05:05:00,0,10
2024-07-21 05:10:00,0,10
2024-07-21 05:15:00,0,10
2024-07-21 05:20:00,0,10
2024-07-21 05:25:00,0,10
2024-07-21 05:30:00,0,10
2024-07-21 05:35:00,0,10
2024-07-21 05:40:00,0,10
2024-07-21 05:45:00,0,10
2024-07-21 05:50:00,0,10
2024-07-21 05:55:00,0,10
2024-07-21 06:00:00,0,10
2024-07-21 06:05:00,20,10
2024-07-21 06:10:00,82,16
2024-07-21 06:15:00,66,74
2024-07-21 06:20:00,120,104
2024-07-21 06:25:00,114,136
2024-07-21 06:30:00,111,134
2024-07-21 06:35:00,100,140
2024-07-21 06:40:00,118,124
2024-07-21 06:45:00,143,144
2024-07-21 06:50:00,171,180
2024-07-21 06:55:00,196,192
2024-07-21 07:00:00,176,214
2024-07-21 07:05:00,207,228
2024-07-21 07:10:00,168,222
2024-07-21 07:15:00,126,182
2024-07-21 07:20:00,111,146
2024-07-21 07:25:00,130,134
2024-07-21 07:30:00,162,158
2024-07-21 07:35:00,175,190
2024-07-21 07:40:00,203,214
2024-07-21 07:45:00,194,202
2024-07-21 07:50:00,182,212
2024-07-21 07:55:00,182,220
2024-07-21 08:00:00,151,208
2024-07-21 08:05:00,257,242
2024-07-21 08:10:00,345,308
2024-07-21 08:15:00,461,462
2024-07-21 08:20:00,577,604
2024-07-21 08:25:00,574,972
2024-07-21 08:30:00,537,626
2024-07-21 08:35:00,579,586
2024-07-21 08:40:00,752,712
2024-07-21 08:45:00,900,894
2024-07-21 08:50:00,2204,1494
2024-07-21 08:55:00,3375,2578
2024-07-21 09:00:00,3434,2274
2024-07-21 09:05:00,3790,2248
2024-07-21 09:10:00,4137,2254
2024-07-21 09:15:00,2901,2136
2024-07-21 09:20:00,3856,2188
2024-07-21 09:25:00,3200,2214
2024-07-21 09:30:00,2873,2194
2024-07-21 09:35:00,2688,2192
2024-07-21 09:40:00,3735,2298
2024-07-21 09:45:00,3824,2280
2024-07-21 09:50:00,3714,2244
2024-07-21 09:55:00,3714,2274
2024-07-21 10:00:00,3651,2250
2024-07-21 10:05:00,3645,2138
2024-07-21 10:10:00,3735,2138
2024-07-21 10:15:00,3882,2138
2024-07-21 10:20:00,3955,2194
2024-07-21 10:25:00,3855,2278
2024-07-21 10:30:00,3899,1532
2024-07-21 10:35:00,3987,902
2024-07-21 10:40:00,3492,2412
2024-07-21 10:45:00,3815,866
2024-07-21 10:50:00,4640,508
2024-07-21 10:55:00,4184,490
2024-07-21 11:00:00,4797,484
2024-07-21 11:05:00,4508,492
2024-07-21 11:10:00,4626,486
2024-07-21 11:15:00,4611,464
2024-07-21 11:20:00,4717,466
2024-07-21 11:25:00,4682,504
2024-07-21 11:30:00,4702,542
2024-07-21 11:35:00,4790,556
2024-07-21 11:40:00,4983,424
2024-07-21 11:45:00,5127,426
2024-07-21 11:50:00,4880,412
2024-07-21 11:55:00,4404,306
2024-07-21 12:00:00,5281,234
2024-07-21 12:05:00,5519,290
2024-07-21 12:10:00,4382,322
2024-07-21 12:15:00,5876,294
2024-07-21 12:20:00,4689,180
2024-07-21 12:25:00,5100,132
2024-07-21 12:30:00,3566,246
2024-07-21 12:35:00,5012,2040
2024-07-21 12:40:00,4276,3006
2024-07-21 12:45:00,5762,1554
2024-07-21 12:50:00,5726,970
2024-07-21 12:55:00,5703,1672
2024-07-21 13:00:00,6068,448
2024-07-21 13:05:00,6180,1758
2024-07-21 13:10:00,5771,510
2024-07-21 13:15:00,5876,468
2024-07-21 13:20:00,5634,2142
2024-07-21 13:25:00,5746,386
2024-07-21 13:30:00,5916,450
2024-07-21 13:35:00,5885,396
2024-07-21 13:40:00,5833,244
2024-07-21 13:45:00,5809,166
2024-07-21 13:50:00,5743,154
2024-07-21 13:55:00,6013,150
2024-07-21 14:00:00,5828,154
2024-07-21 14:05:00,5845,176
2024-07-21 14:10:00,5936,192
2024-07-21 14:15:00,6075,244
2024-07-21 14:20:00,6197,1372
2024-07-21 14:25:00,6278,2136
2024-07-21 14:30:00,5798,2164
2024-07-21 14:35:00,4647,2274
2024-07-21 14:40:00,4333,1088
2024-07-21 14:45:00,4630,364
2024-07-21 14:50:00,5842,728
2024-07-21 14:55:00,4742,416
2024-07-21 15:00:00,3577,446
2024-07-21 15:05:00,3734,518
2024-07-21 15:10:00,3423,490
2024-07-21 15:15:00,4236,534
2024-07-21 15:20:00,2552,540
2024-07-21 15:25:00,2477,532
2024-07-21 15:30:00,4338,526
2024-07-21 15:35:00,3005,478
2024-07-21 15:40:00,2271,532
2024-07-21 15:45:00,2016,434
2024-07-21 15:50:00,1828,398
2024-07-21 15:55:00,1756,458
2024-07-21 16:00:00,1635,466
2024-07-21 16:05:00,1715,494
2024-07-21 16:10:00,2137,532
2024-07-21 16:15:00,2495,654
2024-07-21 16:20:00,2719,748
2024-07-21 16:25:00,3264,378
2024-07-21 16:30:00,3444,366
2024-07-21 16:35:00,4309,246
2024-07-21 16:40:00,2511,216
2024-07-21 16:45:00,2744,240
2024-07-21 16:50:00,1476,250
2024-07-21 16:55:00,1460,224
2024-07-21 17:00:00,1629,182
2024-07-21 17:05:00,1740,162
2024-07-21 17:10:00,1789,156
2024-07-21 17:15:00,1536,150
2024-07-21 17:20:00,1282,200
2024-07-21 17:25:00,1212,200
2024-07-21 17:30:00,1187,200
2024-07-21 17:35:00,1108,200
2024-07-21 17:40:00,1135,212
2024-07-21 17:45:00,1259,228
2024-07-21 17:50:00,1546,240
2024-07-21 17:55:00,2002,244
2024-07-21 18:00:00,2406,228
2024-07-21 18:05:00,1654,194
2024-07-21 18:10:00,1235,202
2024-07-21 18:15:00,1163,194
2024-07-21 18:20:00,1536,200
2024-07-21 18:25:00,1623,194
2024-07-21 18:30:00,1782,186
2024-07-21 18:35:00,4132,150
2024-07-21 18:40:00,3084,172
2024-07-21 18:45:00,2307,228
2024-07-21 18:50:00,1663,230
2024-07-21 18:55:00,1602,198
2024-07-21 19:00:00,1659,132
2024-07-21 19:05:00,1235,104
2024-07-21 19:10:00,3354,90
2024-07-21 19:15:00,3667,100
2024-07-21 19:20:00,3435,112
2024-07-21 19:25:00,3301,172
2024-07-21 19:30:00,2992,180
2024-07-21 19:35:00,3206,174
2024-07-21 19:40:00,2314,154
2024-07-21 19:45:00,2902,164
2024-07-21 19:50:00,2079,176
2024-07-21 19:55:00,2643,184
2024-07-21 20:00:00,2295,184
2024-07-21 20:05:00,2431,184
2024-07-21 20:10:00,2263,176
2024-07-21 20:15:00,2131,156
2024-07-21 20:20:00,1973,168
2024-07-21 20:25:00,1780,208
2024-07-21 20:30:00,1577,200
2024-07-21 20:35:00,1367,200
2024-07-21 20:40:00,576,194
2024-07-21 20:45:00,279,218
2024-07-21 20:50:00,207,138
2024-07-21 20:55:00,173,154
2024-07-21 21:00:00,266,248
2024-07-21 21:05:00,98,236
2024-07-21 21:10:00,103,102
2024-07-21 21:15:00,21,90
2024-07-21 21:20:00,3,80
2024-07-21 21:25:00,0,62
2024-07-21 21:30:00,0,36
2024-07-21 21:35:00,0,26
2024-07-21 21:40:00,0,20
2024-07-21 21:45:00,0,16
2024-07-21 21:50:00,0,10
2024-07-21 21:55:00,0,10
2024-07-21 22:00:00,0,10
2024-07-21 22:05:00,0,10
2024-07-21 22:10:00,0,10
2024-07-21 22:15:00,0,10
2024-07-21 22:20:00,0,10
2024-07-21 22:25:00,0,10
2024-07-21 22:30:00,0,10
2024-07-21 22:35:00,0,10
2024-07-21 22:40:00,0,10
2024-07-21 22:45:00,0,10
2024-07-21 22:50:00,0,10
2024-07-21 22:55:00,0,10
2024-07-21 23:00:00,0,10
2024-07-21 23:10:00,0,10
2024-07-21 23:15:00,0,10
2024-07-21 23:20:00,0,10
2024-07-21 23:25:00,0,10
2024-07-21 23:30:00,0,10
2024-07-21 23:35:00,0,10
2024-07-21 23:40:00,0,10
2024-07-21 23:45:00,0,10
2024-07-21 23:50:00,0,10
2024-07-21 23:55:00,0,10
2024-07-22 00:00:00,0,10
2024-07-22 00:05:00,0,10
2024-07-22 00:10:00,0,10
2024-07-22 00:15:00,0,10
2024-07-22 00:20:00,0,10
2024-07-22 00:25:00,0,10
2024-07-22 00:30:00,0,10
2024-07-22 00:35:00,0,10
2024-07-22 00:40:00,0,10
2024-07-22 00:45:00,0,10
2024-07-22 00:50:00,0,10
2024-07-22 00:55:00,0,10
2024-07-22 01:00:00,0,10
2024-07-22 01:05:00,0,10
2024-07-22 01:10:00,0,10
2024-07-22 01:15:00,0,10
2024-07-22 01:20:00,0,10
2024-07-22 01:25:00,0,10
2024-07-22 01:30:00,0,10
2024-07-22 01:35:00,0,10
2024-07-22 01:40:00,0,10
2024-07-22 01:45:00,0,10
2024-07-22 01:50:00,0,10
2024-07-22 01:55:00,0,10
2024-07-22 02:00:00,0,10
2024-07-22 02:05:00,0,10
2024-07-22 02:10:00,0,10
2024-07-22 02:15:00,0,10
2024-07-22 02:20:00,0,10
2024-07-22 02:25:00,0,10
2024-07-22 02:30:00,0,10
2024-07-22 02:35:00,0,10
2024-07-22 02:40:00,0,10
2024-07-22 02:45:00,0,10
2024-07-22 02:50:00,0,10
2024-07-22 02:55:00,0,10
2024-07-22 03:00:00,0,10
2024-07-22 03:05:00,0,0
2024-07-22 03:10:00,0,0
2024-07-22 03:15:00,0,0
2024-07-22 03:20:00,0,0
2024-07-22 03:25:00,0,0
2024-07-22 03:30:00,0,0
2024-07-22 03:35:00,0,0
2024-07-22 03:40:00,0,0
2024-07-22 03:45:00,0,0
2024-07-22 03:50:00,0,0
2024-07-22 03:55:00,0,0
2024-07-22 04:00:00,0,0
2024-07-22 04:10:00,0,0
2024-07-22 04:15:00,0,0
2024-07-22 04:20:00,0,6
2024-07-22 04:25:00,0,10
2024-07-22 04:30:00,0,10
2024-07-22 04:35:00,0,10
2024-07-22 04:40:00,0,10
2024-07-22 04:45:00,0,10
2024-07-22 04:50:00,0,10
2024-07-22 04:55:00,0,10
2024-07-22 05:00:00,0,10
2024-07-22 05:05:00,0,10
2024-07-22 05:10:00,0,10
2024-07-22 05:15:00,0,10
2024-07-22 05:20:00,0,10
2024-07-22 05:25:00,0,10
2024-07-22 05:30:00,0,10
2024-07-22 05:35:00,0,10
2024-07-22 05:40:00,0,10
2024-07-22 05:45:00,0,10
2024-07-22 05:50:00,0,10
2024-07-22 05:55:00,0,10
2024-07-22 06:00:00,0,10
2024-07-22 06:05:00,0,10
2024-07-22 06:10:00,0,10
2024-07-22 06:15:00,0,10
2024-07-22 06:20:00,0,10
2024-07-22 06:25:00,0,10
2024-07-22 06:30:00,0,10
2024-07-22 06:35:00,0,10
2024-07-22 06:40:00,59,10
2024-07-22 06:45:00,156,62
2024-07-22 06:50:00,204,198
2024-07-22 06:55:00,312,254
2024-07-22 07:00:00,364,362
2024-07-22 07:05:00,379,394
2024-07-22 07:10:00,409,438
2024-07-22 07:15:00,426,438
2024-07-22 07:20:00,386,418
2024-07-22 07:25:00,355,400
2024-07-22 07:30:00,314,338
2024-07-22 07:35:00,400,404
2024-07-22 07:40:00,412,418
2024-07-22 07:45:00,394,444
2024-07-22 07:50:00,394,400
2024-07-22 07:55:00,406,432
2024-07-22 08:00:00,382,434
2024-07-22 08:05:00,307,352
2024-07-22 08:10:00,302,324
2024-07-22 08:15:00,414,376
2024-07-22 08:20:00,475,488
2024-07-22 08:25:00,477,526
2024-07-22 08:30:00,577,538
2024-07-22 08:35:00,775,746
2024-07-22 08:40:00,866,908
2024-07-22 08:45:00,699,786
2024-07-22 08:50:00,432,524
2024-07-22 08:55:00,538,486
2024-07-22 09:00:00,960,880
2024-07-22 09:05:00,1243,1258
2024-07-22 09:10:00,1153,1226
2024-07-22 09:15:00,1269,1270
2024-07-22 09:20:00,1333,1394
2024-07-22 09:25:00,1244,1310
2024-07-22 09:30:00,1192,1222
2024-07-22 09:35:00,1080,1146
2024-07-22 09:40:00,1717,1338
2024-07-22 09:45:00,3092,1132
2024-07-22 09:50:00,2210,556
2024-07-22 09:55:00,1978,388
2024-07-22 10:00:00,1487,310
2024-07-22 10:05:00,1635,276
2024-07-22 10:10:00,2871,190
2024-07-22 10:15:00,3772,144
2024-07-22 10:20:00,3835,148
2024-07-22 10:25:00,3405,132
2024-07-22 10:30:00,4125,138
2024-07-22 10:35:00,2480,130
2024-07-22 10:40:00,4706,148
2024-07-22 10:45:00,2651,214
2024-07-22 10:50:00,2111,224
2024-07-22 10:55:00,2437,222
2024-07-22 11:00:00,1845,212
2024-07-22 11:05:00,1252,208
2024-07-22 11:10:00,1119,210
2024-07-22 11:15:00,1514,208
2024-07-22 11:20:00,4306,224
2024-07-22 11:25:00,5382,220
2024-07-22 11:30:00,5659,182
2024-07-22 11:35:00,5762,134
2024-07-22 11:40:00,2614,140
2024-07-22 11:45:00,1271,130
2024-07-22 11:50:00,1365,130
2024-07-22 11:55:00,5151,142
2024-07-22 12:00:00,5459,160
2024-07-22 12:05:00,4025,226
2024-07-22 12:10:00,6141,212
2024-07-22 12:15:00,4316,212
2024-07-22 12:20:00,6363,208
2024-07-22 12:25:00,6084,204
2024-07-22 12:30:00,5998,204
2024-07-22 12:35:00,5724,204
2024-07-22 12:40:00,5709,218
2024-07-22 12:45:00,5708,246
2024-07-22 12:50:00,5668,216
2024-07-22 12:55:00,5765,158
2024-07-22 13:00:00,5809,146
2024-07-22 13:05:00,5797,472
2024-07-22 13:10:00,5819,942
2024-07-22 13:15:00,5916,180
2024-07-22 13:20:00,5911,134
2024-07-22 13:25:00,5955,308
2024-07-22 13:30:00,5977,442
2024-07-22 13:35:00,5984,448
2024-07-22 13:40:00,5987,1694
2024-07-22 13:45:00,5972,480
2024-07-22 13:50:00,5974,482
2024-07-22 13:55:00,5972,406
2024-07-22 14:00:00,5945,414
2024-07-22 14:05:00,5960,390
2024-07-22 14:10:00,5998,484
2024-07-22 14:15:00,6045,528
2024-07-22 14:20:00,5939,906
2024-07-22 14:25:00,5889,530
2024-07-22 14:30:00,5561,2566
2024-07-22 14:35:00,5984,2568
2024-07-22 14:40:00,5870,1482
2024-07-22 14:45:00,5919,530
2024-07-22 14:50:00,5896,510
2024-07-22 14:55:00,5512,458
2024-07-22 15:00:00,5522,416
2024-07-22 15:05:00,5714,452
2024-07-22 15:10:00,5679,432
2024-07-22 15:15:00,5544,396
2024-07-22 15:20:00,5274,448
2024-07-22 15:25:00,5516,496
2024-07-22 15:30:00,5483,492
2024-07-22 15:35:00,5354,432
2024-07-22 15:40:00,5497,460
2024-07-22 15:45:00,3956,308
2024-07-22 15:50:00,3068,1882
2024-07-22 15:55:00,4497,2462
2024-07-22 16:00:00,4932,2134
2024-07-22 16:05:00,5125,428
2024-07-22 16:10:00,4901,446
2024-07-22 16:15:00,4622,428
2024-07-22 16:20:00,4689,440
2024-07-22 16:25:00,4683,432
2024-07-22 16:30:00,4593,464
2024-07-22 16:35:00,4433,416
2024-07-22 16:40:00,4665,414
2024-07-22 16:45:00,4667,414
2024-07-22 16:50:00,4665,278
2024-07-22 16:55:00,4535,224
2024-07-22 17:00:00,4617,240
2024-07-22 17:05:00,4633,242
2024-07-22 17:10:00,4598,254
2024-07-22 17:15:00,4597,250
2024-07-22 17:20:00,4438,254
2024-07-22 17:25:00,4458,232
2024-07-22 17:30:00,4630,240
2024-07-22 17:35:00,4591,246
2024-07-22 17:40:00,4457,246
2024-07-22 17:45:00,4375,238
2024-07-22 17:50:00,4300,228
2024-07-22 17:55:00,4243,220
2024-07-22 18:00:00,4142,214
2024-07-22 18:05:00,4160,220
2024-07-22 18:10:00,4100,144
2024-07-22 18:15:00,4044,162
2024-07-22 18:20:00,3993,240
2024-07-22 18:25:00,3912,244
2024-07-22 18:30:00,3875,240
2024-07-22 18:35:00,3839,238
2024-07-22 18:40:00,3781,150
2024-07-22 18:45:00,3706,140
2024-07-22 18:50:00,3675,148
2024-07-22 18:55:00,3597,140
2024-07-22 19:00:00,3483,162
2024-07-22 19:05:00,3437,234
2024-07-22 19:10:00,2911,228
2024-07-22 19:15:00,3206,220
2024-07-22 19:20:00,2815,210
2024-07-22 19:25:00,2733,210
2024-07-22 19:30:00,1176,210
2024-07-22 19:35:00,613,210
2024-07-22 19:40:00,971,216
2024-07-22 19:45:00,2044,240
2024-07-22 19:50:00,2060,236
2024-07-22 19:55:00,1997,196
2024-07-22 20:00:00,792,176
2024-07-22 20:05:00,625,134
2024-07-22 20:10:00,655,122
2024-07-22 20:15:00,524,120
2024-07-22 20:20:00,506,112
2024-07-22 20:25:00,402,216
2024-07-22 20:30:00,298,270
2024-07-22 20:35:00,272,246
2024-07-22 20:40:00,256,240
2024-07-22 20:45:00,225,252
2024-07-22 20:50:00,204,242
2024-07-22 20:55:00,142,210
2024-07-22 21:00:00,94,154
2024-07-22 21:05:00,50,120
2024-07-22 21:10:00,15,76
2024-07-22 21:15:00,1,44
2024-07-22 21:20:00,0,30
2024-07-22 21:25:00,0,20
2024-07-22 21:30:00,0,20
2024-07-22 21:35:00,0,20
2024-07-22 21:40:00,0,20
2024-07-22 21:45:00,0,20
2024-07-22 21:50:00,0,20
2024-07-22 21:55:00,0,20
2024-07-22 22:00:00,0,16
2024-07-22 22:05:00,0,10
2024-07-22 22:10:00,0,10
2024-07-22 22:15:00,0,10
2024-07-22 22:20:00,0,10
2024-07-22 22:25:00,0,10
2024-07-22 22:30:00,0,10
2024-07-22 22:35:00,0,10
2024-07-22 22:40:00,0,10
2024-07-22 22:45:00,0,10
2024-07-22 22:50:00,0,10
2024-07-22 22:55:00,0,10
2024-07-22 23:00:00,0,10
2024-07-22 23:10:00,0,10
2024-07-22 23:15:00,0,10
2024-07-22 23:20:00,0,10
2024-07-22 23:25:00,0,10
2024-07-22 23:30:00,0,10
2024-07-22 23:35:00,0,10
2024-07-22 23:40:00,0,10
2024-07-22 23:45:00,0,10
2024-07-22 23:50:00,0,10
2024-07-22 23:55:00,0,10
